EF137,n_obs,EF952_sum,EF952_share_green_abs,EF952_share_brown_abs,EF952_share_neutral_abs,EF952_share_green_rel,EF952_share_brown_rel,EF952_share_neutral_rel
Growing of non-perennial crops,602,64758.19,88.26854545454546,62.430675844525844,64607.49077870093,0.0013630483720212911,9.640583815657269e-4,0.997672893246413
Growing of perennial crops,321,33220.362,19.912064935064933,4.702200000000001,33195.747735064935,5.993933761186869e-4,1.415457182555687e-4,0.9992590609056257
Plant propagation,227,25212.595,14.365531100478469,47.96437240965662,25150.265096489864,5.697759830147777e-4,0.0019023972903089356,0.9975278267266762
Animal production,823,89822.277,68.17027272727273,117.96453846153847,89636.1421888112,7.589461657409634e-4,0.0013133104882382181,0.9979277433460209
Mixed farming,1780,191090.647,280.79773971861465,58.00162564102564,190751.84763464035,0.001469447846490439,3.035293801743507e-4,0.9982270227733352
Support activities to agriculture and post-harvest crop activities,668,72270.181,773.1334473026973,158.11275384615385,71338.93479885114,0.010697820824645468,0.0021878007175069043,0.9871143784578476
"Hunting, trapping and related service activities",3,324.744,0,0,324.744,0,0,1
Silviculture and other forestry activities,104,10872.194,937.3409393939394,0,9934.853060606061,0.08621451561606971,0,0.9137854843839304
Logging,18,2039.071,0,6.486600000000002,2032.5844,0,0.0031811545551871426,0.9968188454448129
Gathering of wild growing non-wood products,5,589.032,0,0,589.032,0,0,1
Support services to forestry,204,21751.823,722.7510151515152,118.73294615384617,20910.339038694638,0.033227146761515815,0.005458528517533734,0.9613143247209504
Fishing,25,2794.994,0,5.491292307692309,2789.5027076923075,0,0.0019646884063766537,0.9980353115936232
Aquaculture,15,1635.202,11.1353,5.491292307692309,1618.5754076923076,0.006809739714114832,0.003358173673767711,0.9898320866121174
Mining of hard coal,47,5216.778,0,2154.4210840336136,3062.3569159663866,0,0.4129792534843563,0.5870207465156436
Mining of lignite,90,10190.971,425.9442857142857,1510.4792871607694,8254.547427124944,0.04179624156660692,0.1482174060902312,0.8099863523431619
Extraction of crude petroleum,44,4394.138,128.64117604617604,310.985860410831,3954.510963542993,0.029275634048401767,0.0707728934345783,0.89995147251702
Extraction of natural gas,14,1492.716,22.377833333333335,131.53858333333332,1338.7995833333332,0.014991353568484116,0.08812030107088913,0.8968883453606268
Mining of iron ores,3,366.682,0,0,366.682,0,0,1
Mining of non-ferrous metal ores,18,1992.031,37.984928913192064,290.6093247014595,1663.4367463853484,0.019068442666400304,0.14588594489817655,0.8350456124354232
"Quarrying of stone, sand and clay",256,27528.029,297.35029464285714,1836.2169484417543,25394.46175691539,0.010801728472563624,0.06670353872562959,0.9224947328018068
Mining and quarrying n.e.c.,128,13887.782,219.90770948773448,2725.4672249156074,10942.407065596659,0.015834617038756403,0.1962492804765806,0.78791610248466315
Support activities for petroleum and natural gas extraction,30,3180.508,51.38705555555556,141.36813597883597,2987.7528084656083,0.01615687039792246,0.04444828812844866,0.9393948414736288
Support activities for other mining and quarrying,10,1011.663,0,293.61054295051355,718.0524570494865,0,0.2902256412960774,0.7097743587039227
Processing and preserving of meat and production of meat products,1786,201407.64,284.39647213203466,417.0019646809332,200706.24156318704,0.001412044111792555,0.002070437669002691,0.9965175182192048
"Processing and preserving of fish, crustaceans and molluscs",57,6721.06,0,31.085720512820522,6689.97427948718,0,0.004625121708900162,0.9953748782910998
Processing and preserving of fruit and vegetables,161,19088.13,29.351838474025975,238.5240637362638,18820.25409778971,0.001537701098747021,0.012495936675633694,0.9859663622256193
Manufacture of vegetable and animal oils and fats,31,3241.036,9.927363636363635,19.56933186813187,3211.5393044955044,0.0030630217116883723,0.00603798657840637,0.9908989917099053
Manufacture of dairy products,404,45555.007,207.8246155844156,457.0211584906323,44890.16122592495,0.004562058690593893,0.010032292575229597,0.9854056487341766
"Manufacture of grain mill products, starches and starch products",90,9953.417,47.88264935064935,93.51528364968367,9812.019066999666,0.004810674500088699,0.009395294465175494,0.9857940310347358
Manufacture of bakery and farinaceous products,3242,361522.32,450.36039935064935,372.8839353479854,360699.07566530135,0.001245733318348503,0.0010314271477013795,0.99772283953395
Manufacture of other food products,1106,122408.212,342.9621084415584,1337.1378425907428,120728.1120489677,0.0028017900338382397,0.010923595898866188,0.9862746140672956
Manufacture of prepared animal feeds,195,21844.073,168.38963636363636,160.6335186813187,21515.049844955047,0.0077087105671014905,0.007353643191053184,0.9849376462418454
Manufacture of beverages,699,77714.43,408.17176993145745,601.6394111946535,76704.61881887389,0.005252200523525135,0.007741669226611499,0.9870061302498635
Manufacture of tobacco products,120,13591.048,6.019142857142857,125.39375867553501,13459.635098467323,4.428755499313119e-4,0.009226202326379468,0.9903309221236892
Preparation and spinning of textile fibres,42,4793.121,17.991125,26.450104858299596,4748.679770141701,0.003753530319806239,0.005518346993180351,0.9907281226870135
Weaving of textiles,87,9680.571,29.414250000000003,69.39652564102566,9581.760224358974,0.003038482957255311,0.007168639705346478,0.9897928773373982
Finishing of textiles,231,25605.192,138.500125,110.48196483516485,25356.209910164835,0.0054090641069983,0.004314826650593554,0.9902761092424082
Manufacture of other textiles,417,45597.396,117.08959821428572,297.67154900713325,45182.63485277858,0.002567900987466164,0.006528257644518412,0.9909038413680155
"Manufacture of wearing apparel, except fur apparel",509,56800.509,219.75829967532468,74.9103006362059,56505.840399688466,0.0038689494785218333,0.001318831502657941,0.9948122190188202
Manufacture of articles of fur,5,562.394,0,0,562.394,0,0,1
Manufacture of knitted and crocheted apparel,58,6498.136,0,0,6498.136,0,0,1
"Tanning and dressing of leather; manufacture of luggage, handbags, saddlery and harness; dressing and dyeing of fur",95,10212.9,0,3.1237846153846163,10209.776215384616,0,3.058665624244452e-4,0.9996941334375756
Manufacture of footwear,127,14278.156,0,14.3416298404382,14263.814370159562,0,0.0010044455208668543,0.9989955544791331
Sawmilling and planing of wood,258,29562.768,61.618685064935065,257.04995523423946,29244.099359700827,0.0020843340875568574,0.008695057081063568,0.9892206088313796
"Manufacture of products of wood, cork, straw and plaiting materials",767,84054.513,237.6358764952153,429.4716364638286,83387.40548704096,0.002827163801367992,0.005109441731746499,0.9920633944668855
"Manufacture of pulp, paper and paperboard",171,19002.227,231.20682043650794,245.9128043956044,18525.10737516789,0.012167353881021838,0.012941262326547538,0.9748913837924308
Manufacture of articles of paper and paperboard,839,93870.651,350.78202957368717,1134.5827244277064,92385.2862459986,0.003736865845041249,0.012086660871540205,0.9841764732834186
Printing and service activities related to printing,1555,170239.534,291.4726448051948,888.3700834740596,169059.69127172075,0.001712132534415859,0.00521835359038318,0.9930695138752009
Reproduction of recorded media,34,3797.958,0,5.654261538461539,3792.3037384615386,0,0.0014887635772858833,0.9985112364227141
Manufacture of coke oven products,11,1277.438,52.461,161.23116485557784,1063.7458351444222,0.04106735512799838,0.12621447370093722,0.8327181711710644
Manufacture of refined petroleum products,246,28056.968,249.79362094155843,829.2039240037568,26977.970455054685,0.008903086781920214,0.029554295531996073,0.9615426176860837
"Manufacture of basic chemicals, fertilisers and nitrogen compounds, plastics and synthetic rubber in primary forms",1525,165438.447,930.6513539862915,3934.602139365519,160573.19350664818,0.0056253632143094985,0.02378287641545329,0.9705917603702372
Manufacture of pesticides and other agrochemical products,44,4729.331,122.953,84.6907619047619,4521.687238095238,0.025997968845910765,0.017907556460895188,0.9560944746931941
"Manufacture of paints, varnishes and similar coatings, printing ink and mastics",332,35918.074,362.00834577922075,545.3097422402159,35010.75591198057,0.010078723758384726,0.015182042952531805,0.9747392332890835
"Manufacture of soap and detergents, cleaning and polishing preparations, perfumes and toilet preparations",533,59567.18,314.1090892857143,547.1504370401528,58705.92047367413,0.005273190526825582,0.009185434614164257,0.9855413748590102
Manufacture of other chemical products,533,57306.866,304.5045643939394,1124.9450636241468,55877.41637198191,0.0053135790813257765,0.01963019690562291,0.9750562240130513
Manufacture of man-made fibres,416,45477.447,278.36374675324674,1097.1736935029883,44101.90955974376,0.006120918501719033,0.02412566592629943,0.9697534155719815
Manufacture of basic pharmaceutical products,33,3825.165,9.808454545454547,60.83204260651629,3754.524502848029,0.0025641912297782047,0.015903115971864296,0.9815326927983574
Manufacture of pharmaceutical preparations,1514,166054.589,926.7413406385282,1771.7124955886218,163356.13516377285,0.0055809438704432805,0.010669458195994942,0.9837495979335618
Manufacture of rubber products,563,61427.657,261.10886038961036,1016.9545964042838,60149.59354320611,0.004250672630890193,0.016555321268468433,0.9791940061006414
Manufacture of plastics products,2760,303731.872,1010.3976539502164,3645.109608717103,299076.3647373327,0.0033266105637745403,0.012001077083925863,0.9846723123522997
Manufacture of glass and glass products,543,61896.734,734.6793689574314,1565.4794441710337,59596.57518687154,0.011869436745360933,0.025291793976900845,0.9628387692777384
Manufacture of refractory products,74,7786.789,136.02342857142855,109.54443043345543,7541.221140995116,0.017468487790208334,0.014067984946485057,0.9684635272633066
Manufacture of clay building materials,107,11816.549,39.623045454545455,121.62772499236875,11655.298229553086,0.0033531825116237786,0.010292998826676785,0.9863538186616994
Manufacture of other porcelain and ceramic products,278,30317.462,68.83878896103896,320.5985658835682,29928.024645155394,0.002270598672179055,0.010574716507719815,0.9871546848201012
"Manufacture of cement, lime and plaster",143,15387.7,163.40930292207793,376.56402321842813,14847.726673859494,0.010619475485100302,0.0244717549223359,0.9649087695925638
"Manufacture of articles of concrete, cement and plaster",480,52275.704,696.52402050581,528.1751831101526,51051.00479638404,0.013324048596376818,0.010103645531204183,0.97657230587241906
"Cutting, shaping and finishing of stone",247,27241.208,21.06118181818182,40.378527205031816,27179.768290976786,7.731368527483003e-4,0.001482259054188486,0.9977446040930633
Manufacture of abrasive products and non-metallic mineral products n.e.c.,103,11570.691,172.70282142857144,169.01829304671938,11228.96988552471,0.014925886572251513,0.014607450241884376,0.970466663185864
Manufacture of basic iron and steel and of ferro-alloys,525,57469.909,357.7908019480519,837.0213695682028,56275.09682848374,0.006225706777229313,0.01456451531127712,0.9792097779114936
"Manufacture of tubes, pipes, hollow profiles and related fittings, of steel",267,29705.963,99.2456305916306,595.008002382791,29011.709367025578,0.0033409329497794973,0.020029917979187916,0.9766291490710326
Manufacture of other products of first processing of steel,149,16869.282,97.97892857142857,185.12220168314659,16586.180869745425,0.005808126781651322,0.010973922997027768,0.983217950221321
Manufacture of basic precious and other non-ferrous metals,332,37480.91,199.93565286796536,582.1071053912663,36698.867241740765,0.005334332940901524,0.01553076233718088,0.9791349047219174
Casting of metals,812,90765.463,160.03225,1076.781256704497,89528.64949329551,0.001763140347777436,0.01186333679259144,0.9863735228596312
Manufacture of structural metal products,2745,301844.18,690.6047362611073,3110.631302352876,298042.94396138604,0.0022879511417483924,0.01030542083784049,0.9874066280204112
"Manufacture of tanks, reservoirs and containers of metal",98,10874.663,183.38925,199.87902047787097,10491.39472952213,0.016863901897465696,0.018380249620413153,0.9647558484821211
"Manufacture of steam generators, except central heating hot water boilers",26,3052.217,84.37993478260869,122.9117854153519,2844.9252798020393,0.027645457312703743,0.0402696746054923,0.9320848680818039
Manufacture of weapons and ammunition,70,7677.127,64.7986923076923,68.92129632648053,7543.407011365827,0.00844048721711811,0.00897748550030246,0.9825820272825794
"Forging, pressing, stamping and roll-forming of metal; powder metallurgy",294,32767.64,61.909206818181815,487.268187331554,32218.462605850265,0.0018893398126377675,0.014870408345903275,0.983240251841459
Treatment and coating of metals; machining,2209,245075.543,333.7837380952381,3694.192590413096,241047.56667149166,0.0013619626585719248,0.015073689300825484,0.9835643480406026
"Manufacture of cutlery, tools and general hardware",1569,172912.748,394.666999025974,1525.7266338071115,170992.3543671669,0.0022824632862001246,0.008823679291749568,0.9888938574220503
Manufacture of other fabricated metal products,653,71031.582,254.62384247364952,927.7182259139447,69849.2399316124,0.003584656786521375,0.013060644290788072,0.9833546989226907
Manufacture of electronic components and boards,1738,192312.137,1953.2642869588744,2171.4668178736465,188187.40589516747,0.010156739545559075,0.011291366482364276,0.9785518939720766
Manufacture of computers and peripheral equipment,382,42214.91,273.3684988636364,195.4948969101074,41746.046604226256,0.006475638556700378,0.0046309443016722615,0.9888934171416273
Manufacture of communication equipment,962,105106.494,478.01826590909093,540.7294894368788,104087.74624465403,0.004547942260438169,0.005144586874307488,0.9903074708652543
Manufacture of consumer electronics,193,21678.725,227.3002351190476,142.2895634032634,21309.13520147769,0.010484944807365176,0.006563557746281823,0.9829514974463531
"Manufacture of instruments and appliances for measuring, testing and navigation; watches and clocks",841,91937.609,910.5029953102453,964.0888589497762,90063.01714573998,0.009903487867628201,0.010486338174726474,0.9796101739576454
"Manufacture of irradiation, electromedical and electrotherapeutic equipment",224,24780.234,137.48256818181818,190.09295175598393,24452.658480062197,0.005548073847156495,0.007671152409456017,0.9867807737433875
Manufacture of optical instruments and photographic equipment,366,40722.451,184.02694318181818,217.71783602274914,40320.70622079543,0.004519053707789302,0.005346383399730756,0.9901345628924798
Manufacture of magnetic and optical media,134,14896.956,16.528242857142857,31.129142857142867,14849.298614285713,0.001109504710703506,0.0020896311204210353,0.9968008641688754
"Manufacture of electric motors, generators, transformers and electricity distribution and control apparatus",1102,121299.047,1475.489208495671,1818.2036316926392,118005.35415981169,0.012164062661561314,0.014989430475019636,0.972846506863419
Manufacture of batteries and accumulators,128,14332.705,48.784910714285715,230.95481726830675,14052.965272017407,0.0034037476327242982,0.016113833171638343,0.9804824191956374
Manufacture of wiring and wiring devices,325,35608.082,242.50736904761905,319.044521653991,35046.530109298394,0.006810458621377558,0.008959890669033816,0.9842296507095887
Manufacture of electric lighting equipment,313,34610.029,467.8861845238095,327.16308675459385,33814.9797287216,0.013518803596605176,0.009452840584288266,0.9770283558191065
Manufacture of domestic appliances,510,56810.48,425.4139869047619,461.0446016141753,55924.021411481066,0.007488301223731288,0.008115485058640154,0.9843962137176285
Manufacture of other electrical equipment,271,29805.955,198.36337916666668,297.43581720910663,29310.155803624228,0.0066551593185545195,0.009979073551211717,0.9833657671302337
Manufacture of general-purpose machinery,1652,185241.412,2152.1198214285714,3315.827454583457,179773.46472398797,0.011617919547215345,0.01790003336070153,0.9704820470920831
Manufacture of other general-purpose machinery,2297,252173.377,2255.1685395656878,3771.9518781727947,246146.25658226153,0.008942928735755034,0.014957772002128498,0.9760992992621165
Manufacture of agricultural and forestry machinery,367,41219.278,188.82893084415585,400.3645382248356,40630.08453093101,0.004581082930277329,0.009713041024756319,0.9857058760449664
Manufacture of metal forming machinery and machine tools,5178,576073.791,2432.083476424964,6427.9687886609145,567213.7387349141,0.004221826291043614,0.011158238560901505,0.9846199351480549
Manufacture of other special-purpose machinery,3548,390192.44,2333.84019400527,4477.16734745386,383381.4324585409,0.005981254260090918,0.011474254466472647,0.9825444912734365
Manufacture of motor vehicles,6747,738479.667,5069.143327287989,10933.867788314408,722476.6558843976,0.006864296410327556,0.014805915825322796,0.9783297877643495
Manufacture of bodies (coachwork) for motor vehicles; manufacture of trailers and semi-trailers,421,47488.67,216.01144618153586,937.4323311060878,46335.22622271238,0.004548694376606796,0.019740126036506978,0.9757111795868864
Manufacture of parts and accessories for motor vehicles,3910,431885.407,3256.659267748918,5339.601765031745,423289.1459672193,0.00754056334149053,0.012363468824108116,0.9800959678344013
Building of ships and boats,366,41943.781,59.4236876984127,961.0495730734178,40923.30773922817,0.0014167460892095707,0.02291280256954941,0.975670451341241
Manufacture of railway locomotives and rolling stock,285,31573.093,377.5483095238095,587.3045859196417,30608.24010455655,0.011957913325875596,0.018601427041678865,0.9694406596324455
Manufacture of air and spacecraft and related machinery,1141,127460.467,822.1657353896104,1056.4541806254003,125581.84708398499,0.006450358724871221,0.008288485092600517,0.9852611561825282
Manufacture of military fighting vehicles,38,4064.728,0,125.13208523698523,3939.5959147630147,0,0.030784860693504026,0.9692151393064959
Manufacture of transport equipment n.e.c.,236,26126.215,69.44595454545454,353.4894312137181,25703.279614240826,0.0026580947353244447,0.013530066686418913,0.9838118385782566
Manufacture of furniture,1088,120343.705,229.69384415584418,398.8251155013717,119715.18604034279,0.0019086486007377302,0.0033140504981242825,0.994777300901138
"Manufacture of jewellery, bijouterie and related articles",223,24616.099,20.070517857142857,165.7900222467591,24430.2384598961,8.153411252182102e-4,0.006735024190744403,0.9924496346840376
Manufacture of musical instruments,99,11812.855,0,4.765292307692309,11808.089707692308,0,4.0339886570116274e-4,0.9995966011342989
Manufacture of sports goods,81,9239.444,54.037,60.61306884431358,9124.793931155686,0.005848512096615337,0.006560250686547111,0.9875912372168375
Manufacture of games and toys,476,52829.485,367.7962428571429,391.0597441185119,52070.62901302434,0.006961950184771684,0.007402300895390366,0.9856357489198379
Manufacture of medical and dental instruments and supplies,2469,272661.669,587.7592031926407,1078.6616919938979,270995.24810481345,0.0021556356100521073,0.0039560444852770925,0.9938883199046707
Manufacturing n.e.c.,384,41691.758,197.9627017857143,323.114914258497,41170.68038395579,0.004748245487410588,0.007750090899464997,0.9875016636131244
"Repair of fabricated metal products, machinery and equipment",713,77879.481,384.85313896103895,751.0736203262625,76743.55424071269,0.004941650021538266,0.009644050148796735,0.9854142998296649
Installation of industrial machinery and equipment,765,85347.891,906.6680958152958,1578.9989816685434,82862.22392251616,0.010623204454053771,0.01850073813386371,0.9708760574120825
"Electric power generation, transmission and distribution",2881,312488.21,19780.12195595238,7935.811673025414,284772.2763710222,0.06329877839535891,0.025395555477198368,0.9113056661274427
Manufacture of gas; distribution of gaseous fuels through mains,81,8960.752,311.9357513881046,364.15710751613665,8284.659141095759,0.03481133630169707,0.040639123537414786,0.9245495401608881
Steam and air conditioning supply,101,11657.437,720.6061739169646,467.65212273084967,10469.178703352185,0.061815146323927345,0.0401162041648477,0.8980686495112249
"Water collection, treatment and supply",191,20319.101,1896.303911725955,1461.2226007656027,16961.574487508442,0.0933261718481519,0.07191374267816292,0.8347600854736852
Sewerage,328,34980.826,4067.9099190953966,3016.783558248056,27896.132522656546,0.11628970451113409,0.08624106126733702,0.7974692342215288
Waste collection,474,52515.888,10805.360876735584,328.86863264501835,41381.6584906194,0.20575413057350536,0.006262269289724632,0.7879836001367699
Waste treatment and disposal,537,60019.288,7536.236776760377,922.1486590629934,51560.90256417663,0.12556358177325225,0.015364205237872755,0.8590722129888749
Materials recovery,651,71889.463,10105.135571678322,859.7902628775937,60924.53716544408,0.14056490548104833,0.011959892687995091,0.8474752018309565
Remediation activities and other waste management services,174,19334.566,2525.4721267808277,546.8129094089959,16262.280963810175,0.13061954050485683,0.028281623151458168,0.841098836343685
Development of building projects,69,7490.419,0,0,7490.419,0,0,1
Construction of residential and non-residential buildings,4772,542131.505,2094.851470839979,2518.35575993211,537518.2977692279,0.0038641020702900836,0.00464528575946183,0.991490612170248
Construction of roads and railways,1534,170677.309,994.5005624287993,3619.8252444075074,166062.9831931637,0.005826788389479466,0.021208591028392107,0.9729646205821284
Construction of utility projects,823,91910.71,2376.9536773024042,11814.88223422663,77718.87408847097,0.025861552775540565,0.12854739381543925,0.8455910534090202
Construction of other civil engineering projects,274,29629.7,648.8795235579479,480.18870918263025,28500.631767259423,0.02189963190845496,0.016206330444878965,0.9618940376466661
Demolition and site preparation,379,44799.26,944.1244408559277,1505.615640040117,42349.51991910396,0.021074554375584052,0.033608047098101994,0.9453173985263139
"Electrical, plumbing and other construction installation activities",7140,802374.946,6145.633050451395,34585.03860594341,761644.2743436052,0.007659303273474089,0.04310333813182573,0.9492373585947002
Building completion and finishing,6276,708605.927,555.720716507177,1885.0921176269064,706165.1141658659,7.842450864896266e-4,0.002660282740800313,0.99655547217271
Other specialised construction activities,4444,497468.735,2618.8092140863523,13152.009408077922,481697.91637783573,0.005264268947648243,0.02643786128203197,0.9682978697703198
Sale of motor vehicles,2765,305883.026,312.6469090909091,3370.158960744324,302200.22013016476,0.0010221126460639536,0.011017803128259637,0.9879600842256764
Maintenance and repair of motor vehicles,3475,387737.127,202.327295508658,13097.025856734883,374437.77384775644,5.218156359544544e-4,0.03377810620837164,0.9657000781556739
Sale of motor vehicle parts and accessories,1541,172494.837,873.3508111471862,1364.0114625470276,170257.47472630578,0.005063054792458432,0.007907549502754263,0.9870293957047873
"Sale, maintenance and repair of motorcycles and related parts and accessories",342,37459.875,119.21751136363636,488.27626609686615,36852.381222539494,0.003182538953043393,0.013034647502076986,0.9837828135448795
Wholesale on a fee or contract basis,6005,663721.996,3733.413629712904,4530.353695969448,655458.2286743176,0.0056249659529332575,0.006825679611753364,0.9875493544353132
Wholesale of agricultural raw materials and live animals,352,38921.991,235.5535909090909,79.24315014245016,38607.19425894846,0.006051940942823066,0.0020359480105334323,0.9919121110466435
"Wholesale of food, beverages and tobacco",868,99285.773,707.4237,147.3607425722426,98430.98855742776,0.0071251265778028445,0.001484208040282293,0.9913906653819149
Wholesale of household goods,1931,212576.55,523.4575694805195,633.6342837461931,211419.45814677328,0.00246244267996879,0.002980734628284226,0.99455682269174694
Wholesale of information and communication equipment,356,39696.106,151.43760357142858,236.51119598646963,39308.1572004421,0.0038149233975601684,0.0059580452547781295,0.9902270313476618
"Wholesale of other machinery, equipment and supplies",1746,194024.553,897.24292637275,1251.8213777258632,191875.48869590138,0.004624378268108934,0.0064518709532904485,0.9889237507786005
Other specialised wholesale,2623,287514.144,2916.7437327297703,1441.1325009298007,283156.2677663404,0.010144696508321241,0.005012388193778045,0.9848429152979007
Non-specialised wholesale trade,75,8044.586,93.51154545454546,2.5012105263157896,7948.573244019139,0.011624158838571114,3.109184893188772e-4,0.98806492267211
Retail sale in non-specialised stores,5203,576179.356,554.1412027056277,170.57952641432644,575454.6352708801,9.617512271745253e-4,2.9605282563148e-4,0.9987421959471939
"Retail sale of food, beverages and tobacco in specialised stores",7377,819415.392,1339.637088961039,337.315744953195,817738.4391660858,0.0016348693251798704,4.1165414787960804e-4,0.9979534765269406
Retail sale of automotive fuel in specialised stores,787,86311.524,42.294636363636364,72.20574798106378,86197.0236156553,4.90023051425165e-4,8.36571348005207e-4,0.9986734056005696
Retail sale of information and communication equipment in specialised stores,670,74437.209,250.5148755952381,86.61499670329668,74100.07912770147,0.003365452291410309,0.0011635981233968173,0.9954709495851929
Retail sale of other household equipment in specialised stores,4688,517653.531,1007.6034187049062,757.5029397826102,515888.4246415125,0.001946482267315793,0.0014633396556172822,0.996590178077067
Retail sale of cultural and recreation goods in specialised stores,1109,121652.757,29.660103896103898,249.4781048026048,121373.6187913013,2.4380954963563957e-4,0.002050739423871872,0.9977054510264926
Retail sale of other goods in specialised stores,8639,948548.687,1173.790374621212,443.7796245381811,946931.1170008406,0.0012374592793265994,4.67851182148314e-4,0.9982946895385251
Retail sale via stalls and markets,105,12123.984,0,0,12123.984,0,0,1
"Retail trade not in stores, stalls or markets",1929,217400.501,237.82599796176046,271.0342855266566,216891.64071651158,0.0010939533113668422,0.0012467049720674592,0.9976593417165658
"Passenger rail transport, interurban",831,91464.382,544.9297523268398,335.14436839193945,90584.30787928122,0.005957835612193168,0.003664206339818045,0.9903779580479888
Freight rail transport,176,19237.741,150.32562007575757,170.01495767195766,18917.400422252285,0.007814099382861926,0.008837573895602278,0.9833483267215357
Other passenger land transport,3046,335500.707,1504.5770678391054,789.3914026455027,333206.7385295154,0.004484571973909746,0.0023528755265648446,0.9931625524995255
Freight transport by road and removal services,1233,137957.62,5988.662681818182,159.49998216695587,131809.45733601486,0.04340943749115259,0.0011561520281877572,0.9554344104806597
Transport via pipeline,28,2872.793,51.12304761904761,114.4362619047619,2707.2336904761905,0.017795590430305146,0.03983449622188647,0.9423699133478084
Sea and coastal passenger water transport,92,10385.322,0,8.044071428571428,10377.277928571428,0,7.745615811018115e-4,0.9992254384188981
Sea and coastal freight water transport,131,15288.135,113.972,0,15174.163,0.007454931553129273,0,0.9925450684468707
Inland passenger water transport,44,5047.929,16.726233766233765,6.915142857142857,5024.287623376624,0.003313484354917386,0.0013698970126447612,0.9953166186324379
Inland freight water transport,38,4152.195,10.324636363636364,0,4141.870363636363,0.0024865490092917998,0,0.9975134509907082
Passenger air transport,689,76596.182,32.703970454545455,120.27210275689222,76443.20592678856,4.269660654175355e-4,0.0015702101542984508,0.998002823780284
Freight air transport and space transport,92,10130.462,78.86361363636364,27.684666666666676,10023.91371969697,0.00778479931481542,0.0027328138308664184,0.9894823868543182
Warehousing and storage,470,52897.635,404.8550779220779,146.27588835978838,52346.504033718134,0.007653557251133777,0.002765263293147007,0.9895811794557192
Support activities for transportation,9227,1044419.704,23380.56401628788,1691.0804671548726,1019348.0595165573,0.022386176674705747,0.0016191579502744355,0.9759946653750198
Postal activities under universal service obligation,2130,240272.136,846.3402142857143,410.05447936186624,239015.74130635243,0.0035224234835358284,0.0017066251883733462,0.9947709513280909
Other postal and courier activities,981,114017.173,438.93572727272726,72.0086435897436,113506.22862913753,0.0038497334719281916,6.315596299668262e-4,0.9955187068981051
Hotels and similar accommodation,4183,484621.644,141.94555563186813,156.2600142857143,484323.4384300824,2.928997443454427e-4,3.2243713466028007e-4,0.9993846631209943
Holiday and other short-stay accommodation,190,20286.983,11.35890909090909,0,20275.624090909092,5.599112046827806e-4,0,0.9994400887953173
"Camping grounds, recreational vehicle parks and trailer parks",78,8573.556,0,0,8573.556,0,0,1
Other accommodation,117,12546.739,8.658857142857142,8.658857142857142,12529.421285714287,6.901280996486133e-4,6.901280996486133e-4,0.9986197438007028
Restaurants and mobile food service activities,6664,814479.326,197.10430303030302,714.5135185185187,813567.7081784512,2.4200037586994937e-4,8.772641560192513e-4,0.9988807354681107
Event catering and other food service activities,1650,186502.078,384.8598333333333,129.7244871794872,185987.49367948718,0.0020635686071730167,6.955659077401121e-4,0.9972408654850868
Beverage serving activities,689,80062.845,0,19.16816666666667,80043.67683333333,0,2.3941400866615058e-4,0.9997605859913338
"Publishing of books, periodicals and other publishing activities",1920,210275.761,33.893238636363634,57.194423076923094,210184.67333828672,1.611847151339694e-4,2.7199722309849633e-4,0.9995668180617676
Software publishing,2984,342309.053,2113.2837457792207,382.8715274318273,339812.89772678894,0.0061736133685579755,0.0011184966452868757,0.9927078899861551
"Motion picture, video and television programme activities",520,59087.131,31.356625,129.7159796714007,58926.0583953286,5.306845072575955e-4,0.0021953338650238527,0.9972739816277185
Sound recording and music publishing activities,250,28271.744,32.790752272727275,0,28238.953247727273,0.001159841864468187,0,0.9988401581355318
Radio broadcasting,184,19645.693,22.628920454545455,7.301777777777777,19615.762301767678,0.0011518514747504939,3.7167320988767245e-4,0.9984764753153619
Television programming and broadcasting activities,208,22130.44,33.279666666666664,0,22097.160333333333,0.0015037959781489508,0,0.9984962040218511
Wired telecommunications activities,310,33196.761,76.63953863636364,132.2576911764706,32987.86377018716,0.0023086450704140576,0.003984054082157912,0.993707300847428
Wireless telecommunications activities,79,8526.431,29.743208333333335,0,8496.687791666667,0.0034883538415232977,0,0.9965116461584766
Satellite telecommunications activities,15,1635.217,56.850833333333334,0,1578.3661666666667,0.03476653761141997,0,0.96523346238858
Other telecommunications activities,151,17858.686,23.177599999999998,0,17835.5084,0.0012978334464248936,0,0.9987021665535749
"Computer programming, consultancy and related activities",5119,571834.351,5561.51955762987,517.162455026455,565755.6689873437,0.009725752830175587,9.043920745965381e-4,0.9893698550952278
"Data processing, hosting and related activities; web portals",289,33161.831,134.08328333333333,71.3540476190476,32956.39366904762,0.004043301569606737,0.0021516920347084455,0.9938050063956848
Other information service activities,425,48001.571,36.23807142857143,28.059459340659334,47937.27346923077,7.549351130314345e-4,5.845529376665471e-4,0.9986605119493019
Monetary intermediation,6274,674511.461,784.635833495671,171.94432857142854,673554.8808379329,0.0011632653837080923,2.549168376123835e-4,0.9985818177786796
Activities of holding companies,78,8802.452,62.218,36.916857142857125,8703.317142857142,0.007068257799076895,0.004193928821521222,0.9887378133794019
"Trusts, funds and similar financial entities",36,3717.178,37.684583333333336,0,3679.4934166666667,0.010137955011391258,0,0.9898620449886087
"Other financial service activities, except insurance and pension funding",190,20710.174,0,6.929703703703703,20703.244296296296,0,3.346038378868137e-4,0.9996653961621133
Insurance,1485,158650.806,112.52642857142857,154.599860989011,158383.67971043955,7.092710803588893e-4,9.744662815580716e-4,0.9983162626380829
Reinsurance,56,6142.472,11.415000000000001,0,6131.057,0.001858372329576757,0,0.9981416276704232
Pension funding,41,4365.116,0,26.49025,4338.62575,0,0.006068624522234918,0.9939313754777651
"Activities auxiliary to financial services, except insurance and pension funding",1090,120238.96,524.9330757575757,35.92510150375939,119678.10182273867,0.004365748637193599,2.9878087355179547e-4,0.9953354704892545
Activities auxiliary to insurance and pension funding,2468,266893.216,143.80419166666667,103.56450000000001,266645.8473083333,5.388079690518123e-4,3.880372141043855e-4,0.9990731548168437
Fund management activities,68,7810.7,0,0,7810.7,0,0,1
Buying and selling of own real estate,179,19861.489,111.614,25.139249999999997,19724.73575,0.005619618952033254,0.001265728365078771,0.9931146526828879
Renting and operating of own or leased real estate,479,52063.481,142.8773375,102.11945,51818.4842125,0.0027442909070947447,0.0019614410722940327,0.9952942680206113
Real estate activities on a fee or contract basis,1351,145252.481,858.3034967032967,181.1182863136863,144213.059216983,0.005909045345003757,0.0012469204316977297,0.9928440342232985
Legal activities,2695,293576.333,11.608,102.95670899470899,293461.7682910053,3.9539972045362396e-5,3.506982594360186e-4,0.9996097617685187
"Accounting, bookkeeping and auditing activities; tax consultancy",3648,393495.581,175.09584545454544,7.27066153846154,393313.214493007,4.4497537941740045e-4,1.8477111026213887e-5,0.9995365475095563
Activities of head offices,167,17771.308,43.2453875,19.22833333333334,17708.834279166666,0.0024334386360306175,0.001081987512305416,0.9964845738516639
Management consultancy activities,2669,296994.485,1402.2004899930987,284.3845191722931,295307.8999908346,0.0047213014409782685,9.575414141858328e-4,0.9943211571448358
Architectural and engineering activities and related technical consultancy,4858,534062.57,10458.355753354193,5375.132581803304,518229.0816648425,0.019582641324881078,0.010064612058102676,0.9703527466170163
Technical testing and analysis,1253,137350.162,1850.125987012987,2799.127942609632,132700.9080703774,0.013470140552240389,0.020379502301640037,0.9661503571461196
Research and experimental development on natural sciences and engineering,1956,220136.105,4824.259731421356,976.1111222075194,214335.73414637113,0.021914895475330393,0.0044341255252404845,0.9736509789994291
Research and experimental development on social sciences and humanities,305,35152.595,60.32688636363636,24.405351973684212,35067.862761662676,0.0017161431855496404,6.942688576386526e-4,0.9975895879568116
Advertising,1291,144759.446,55.167675,26.04453703703704,144678.23378796296,3.8109896469208654e-4,1.7991597617081955e-4,0.9994389850591371
Market research and public opinion polling,180,19952.454,84.55799999999999,5.21255,19862.68345,0.004237974937819678,2.612485662164664e-4,0.9955007764959638
Specialised design activities,712,78944.851,96.38782499999999,24.509261904761907,78823.95391309523,0.0012209513828837298,3.1046055055271315e-4,0.9984685880665636
Photographic activities,394,43908.081,0,17.806500000000003,43890.2745,0,4.0554038332943777e-4,0.9995944596166706
Translation and interpretation activities,295,33385.62,46.373,0,33339.247,0.0013890111970363286,0,0.9986109888029637
"Other professional, scientific and technical activities n.e.c.",1783,197997.402,8444.668120454546,803.9591989908783,188748.77468055458,0.042650398617121985,0.004060453272972129,0.9532891481099058
Veterinary activities,620,67148.106,74.57227272727273,0,67073.53372727273,0.0011105640526520991,0,0.998889435947348
Renting and leasing of motor vehicles,172,19559.236,20.755636363636363,40.510088888888895,19497.970274747473,0.0010611680519441741,0.0020711488367382495,0.9968676831113175
Renting and leasing of personal and household goods,166,18283.177,8.602727272727272,51.75839365079364,18222.81587907648,4.7052693701577533e-4,0.0028309299664272597,0.996698543096557
"Renting and leasing of other machinery, equipment and tangible goods",272,29749.796,267.618262987013,89.3012880952381,29392.87644891775,0.00899563354945402,0.003001744552979056,0.9880026218975669
"Leasing of intellectual property and similar products, except copyrighted works",19,2156.151,0,0,2156.151,0,0,1
Activities of employment placement agencies,353,39293.688,26.301208333333335,21.58742857142856,39245.79936309524,6.693494469985443e-4,5.493866743032255e-4,0.9987812638786983
Temporary employment agency activities,287,31909.028,183.6355,45.87738241758241,31679.515117582418,0.0057549700354395,0.0014377555598867634,0.9928072744046738
Other human resources provision,94,10734.728,155.9402303030303,8.440419433198382,10570.347350263772,0.014526705315964252,7.862723147897537e-4,0.9846870223692461
Travel agency and tour operator activities,1307,144940.695,157.54576893939395,16.081777777777777,144767.06745328283,0.0010869671139592228,1.1095419252527923e-4,0.9988020786935154
Other reservation service and related activities,192,21845.126,0,6.822666666666668,21838.303333333333,0,3.1231985874865945e-4,0.9996876801412513
Private security activities,1122,126410.804,407.1871818181818,48.42381481481482,125955.193003367,0.003221142251560885,3.830670582145401e-4,0.9963957906902245
Security systems service activities,252,28065.714,57.54924242424242,0,28008.164757575756,0.0020505176680786536,0,0.9979494823319213
Investigation activities,21,2296.17,0,0,2296.17,0,0,1
Combined facilities support activities,3088,341525.577,869.5846348817848,354.82701805046804,340301.16534706776,0.002546177192701983,0.001038947130013832,0.9964148756772843
Cleaning activities,5825,678792.048,5437.126740427193,466.13457800636525,672888.7866815664,0.008010003588650163,6.867119015017767e-4,0.9913032845098481
Landscape service activities,2156,241350.698,1359.3976560437243,473.63973196160936,239517.66061199468,0.005632457943186575,0.0019624543698713868,0.9924050876869421
Office administrative and support activities,473,52909.221,34.70009318181818,54.64951203533308,52819.87139478285,6.558420730068617e-4,0.0010328920177322793,0.9983112659092609
Activities of call centres,700,79422.77,18.5289,43.99350000000001,79360.2476,2.3329455771940464e-4,5.539154577459337e-4,0.9992127899845347
Organisation of conventions and trade shows,457,51310.047,19.2509625,24.956296296296298,51265.8397412037,3.751889469132624e-4,4.863822536801866e-4,0.9991384287994065
Business support service activities n.e.c.,2194,241633.269,1558.5151641774892,607.321647929195,239467.4321878933,0.0064499196266615474,0.0025134024401631343,0.9910366779331753
Administration of the State and the economic and social policy of the community,16277,1743000.146,20835.41832356886,4708.250880641173,1717456.47679579,0.01195376740006817,0.0027012337844297424,0.9853449988155022
Provision of services to the community as a whole,7453,843324.517,1315.2319310064934,1028.675373922666,840980.6096950709,0.0015595798586352416,0.0012197859224845303,0.9972206342188803
Compulsory social security activities,3424,367955.622,456.55962587412586,49.716988095238094,367449.3453860306,0.001240800788400852,1.351168051870073e-4,0.9986240824064122
Pre-primary education,6788,742279.442,215.8966,11.652888888888889,742051.8925111111,2.908562298563564e-4,1.5698789740816892e-5,0.9996934449804028
Primary education,4719,509876.37,771.2042,38.991,509066.1748,0.0015125317535307629,7.647147876258709e-5,0.9984109967677066
Secondary education,7520,810208.479,600.0846352813853,99.32087098194202,809509.0734937367,7.406545979647607e-4,1.225868076627991e-4,0.9991367585943723
Higher education,5258,588508.808,2566.535086038961,886.4674444026732,585055.8054695583,0.004361081858334669,0.0015062942684158998,0.9941326238732494
Other education,2498,273898.883,342.7678238095238,58.953405820105814,273497.1617703704,0.001251439290497303,2.1523784680825377e-4,0.9985333228626946
Educational support activities,79,8612.954,47.69687878787879,12.098822966507178,8553.158298245615,0.005537807213167374,0.001404723973506323,0.9930574688133265
Hospital activities,15216,1681599.698,1772.0620983682984,532.678417930218,1679294.9574837014,0.0010537954428012143,3.167688591784095e-4,0.9986294356980203
Medical and dental practice activities,8791,955704.594,190.91477803030304,0,955513.6792219697,1.9976337796101775e-4,0,0.9998002366220389
Other human health activities,5141,558911.513,528.3919151515151,84.91544688644687,558298.2056379621,9.45394580110421e-4,1.519300370655397e-4,0.9989026753828241
Residential nursing care activities,4268,469491.534,102.68103181818182,56.473205311355315,469332.37976287043,2.1870688688112067e-4,1.2028588637203267e-4,0.9996610072267468
"Residential care activities for mental retardation, mental health and substance abuse",175,19198.847999999998,109.84895384615385,0,19088.999046153847,0.005721642978065864,0,0.9942783570219343
Residential care activities for the elderly and disabled,6905,758438.907,764.5235871420247,210.46785844228015,757463.9155544157,0.0010080226371377659,2.7750139991470686e-4,0.9987144759629475
Other residential care activities,676,74448.448,84.36526666666667,12.902181818181818,74351.18055151515,0.0011332038334320503,1.7330356998418312e-4,0.9986934925965837
Social work activities without accommodation for the elderly and disabled,4333,476325.893,163.59005151515152,38.41918855092276,476123.88375993393,3.434414419187401e-4,8.065735899627604e-5,0.999575901199085
Other social work activities without accommodation,6217,678958.22,1335.8043757575758,167.17695646443343,677455.238667778,0.0019674323638906323,0.00024622569038847993,0.9977863419457209
"Creative, arts and entertainment activities",2109,240273.371,85.43134496753247,106.05102344322341,240081.88863158925,3.555589394362493e-4,4.413765162649814e-4,0.9992030645442987
"Libraries, archives, museums and other cultural activities",617,67755.438,635.4804200757576,30.95906666666667,67088.99851325758,0.009379031983761327,4.5692371830976386e-4,0.990164044297929
Gambling and betting activities,606,68993.373,70.49,15.432592592592592,68907.4504074074,0.0010216923297836154,2.2368224543236335e-4,0.9987546254247839
Sports activities,1675,186156.761,350.68000173160175,169.5857364560391,185636.49526181235,0.001883788694258608,9.109834934012366e-4,0.9972052278123401
Amusement and recreation activities,345,38699.243,14.984272727272728,76.69003888888888,38607.568688383835,3.8719808362330826e-4,0.0019816935150098122,0.9976311084013667
"Activities of business, employers and professional membership organisations",1014,109642.829,826.0379867077366,279.18652099752103,108537.60449229475,0.0075338988809540534,0.002546327229458126,0.9899197738895879
Activities of trade unions,125,13462.69,81.1635,28.337386813186804,13353.189113186812,0.006028772852973662,0.0021048829627055812,0.9918663441843206
Activities of other membership organisations,3949,428311.783,2731.741145711233,309.4696436957779,425270.572210593,0.006377926674296591,7.225335747902548e-4,0.9928995397509132
Repair of computers and communication equipment,208,23101.589,24.747837500000003,33.39576428571428,23043.445398214284,0.0010712612669197777,0.0014456046415557942,0.9974831340915243
Repair of personal and household goods,443,49801.713,254.40479545454545,626.8210691919192,48920.487135353535,0.005108354314128621,0.012586335518055757,0.9823053101678155
Other personal service activities,5159,570559.824,1657.2816933441559,254.29351048581051,568648.24879617,0.0029046589395753807,4.456912312946355e-4,0.9966496498291298
Activities of households as employers of domestic personnel,1967,217370.432,73.7625,0,217296.6695,3.393400809913282e-4,0,0.9996606599190087
Activities of extraterritorial organisations and bodies,173,20007.516,83.87053327922078,214.3493825156325,19709.296084205147,0.004191951328651732,0.010713443013897003,0.9850946056574513
