Variable;N;Mean;SD;N;Mean;SD;N;Mean;SD;Test;;;;;;
category_rel;brown;;;green;;;neutral;;;;;;;;;
EF952;18134;111.353;29.102;12377;110.486;29.045;357064;110.719;28.677;F=4.708***;;;;;;
EF46;18134;;;12377;;;357064;;;X2=18156.743***;;;;;;
... Male;16567;91.4%;;10807;87.3%;;177282;49.6%;;;;;;;;
... Female;1567;8.6%;;1570;12.7%;;179782;50.4%;;;;;;;;
EF44;18134;43.054;13.158;12377;45.595;12.542;357064;43.761;13.433;F=140.532***;;;;;;
EF44_bin10;18134;;;12377;;;357064;;;X2=499.669***;;;;;;
... [0;10];0;0%;;0;0%;;0;0%;;;;;;;
... (10;20];860;4.7%;;303;2.4%;;13692;3.8%;;;;;;;
... (20;30];3060;16.9%;;1507;12.2%;;59869;16.8%;;;;;;;
... (30;40];3690;20.3%;;2566;20.7%;;72544;20.3%;;;;;;;
... (40;50];3996;22%;;2885;23.3%;;79009;22.1%;;;;;;;
... (50;60];5199;28.7%;;3822;30.9%;;97097;27.2%;;;;;;;
... (60;70];;;;;;;;;;;;;;;
... (70;80];;;;;;;;;;;;;;;
... (80;90];6;0%;;3;0%;;314;0.1%;;;;;;;
... (90;100];0;0%;;0;0%;;15;0%;;;;;;;
EF517;18122;;;12359;;;356685;;;X2=4941.291***;;;;;;
... ISCED-Level 1 - PE;;;;;;;;;;;;;;;;
... ISCED-Level 2 - LSGE;2347;13%;;1354;11%;;33763;9.5%;;;;;;;;
... ISCED-Level 3 - USGE;385;2.1%;;346;2.8%;;18275;5.1%;;;;;;;;
... ISCED-Level 3 - USVE;10395;57.4%;;5160;41.8%;;138442;38.8%;;;;;;;;
... ISCED-Level 4 - PSNTVE;796;4.4%;;612;5%;;47968;13.4%;;;;;;;;
... ISCED-Level 5 - SCTVE;;;;;;;;;;;;;;;;
... ISCED-Level 6 - Bachelor;2621;14.5%;;2590;21%;;58471;16.4%;;;;;;;;
... ISCED-Level 6 - Master;1182;6.5%;;2056;16.6%;;49677;13.9%;;;;;;;;
EF540;18122;;;12359;;;356685;;;X2=4192.039***;;;;;;
... ISCED 1 ECE (000);;;;;;;;;;;;;;;;
... ISCED 1 PE (100);;;;;;;;;;;;;;;;
... ISCED 2 LSE (200);2347;13%;;1354;11%;;33763;9.5%;;;;;;;;
... ISCED 3 USE (300);;;;;;;;;;;;;;;;
... ISCED 3 USE (302);0;0%;;0;0%;;0;0%;;;;;;;;
... ISCED 3 USE (303);13;0.1%;;16;0.1%;;2473;0.7%;;;;;;;;
... ISCED 3 USE (304);10767;59.4%;;5490;44.4%;;154244;43.2%;;;;;;;;
... ISCED 4 PSNTE (400);796;4.4%;;612;5%;;47968;13.4%;;;;;;;;
... ISCED 5 SCTE (500);;;;;;;;;;;;;;;;
... ISCED 6 Bachelor (600);2621;14.5%;;2590;21%;;58471;16.4%;;;;;;;;
... ISCED 7 Master (700);1078;5.9%;;1798;14.5%;;43706;12.3%;;;;;;;;
... ISCED 8 Doctoral (800);104;0.6%;;258;2.1%;;5971;1.7%;;;;;;;;
EF436;17876;;;12189;;;351186;;;X2=5028.372***;;;;;;
... < 150;21;0.1%;;20;0.2%;;1988;0.6%;;;;;;;;
... 150 to < 300;24;0.1%;;21;0.2%;;3503;1%;;;;;;;;
... 300 to < 500;;;;;;;;;;;;;;;;
... 500 to < 700;498;2.8%;;212;1.7%;;12914;3.7%;;;;;;;;
... 700 to < 900;;;;;;;;;;;;;;;;
... 900 to < 1;100;381;2.1%;;322;2.6%;;22761;6.5%;;;;;;;
... 1;100 to < 1;300;772;4.3%;;524;4.3%;;27131;7.7%;;;;;;
... 1;300 to < 1;500;1271;7.1%;;713;5.8%;;28024;8%;;;;;;
... 1;500 to < 1;700;1691;9.5%;;1064;8.7%;;29009;8.3%;;;;;;
... 1;700 to < 2;0;2713;15.2%;;1923;15.8%;;41920;11.9%;;;;;;
... 2;000 to < 2;300;2741;15.3%;;1805;14.8%;;36783;10.5%;;;;;;
... 2;300 to < 2;600;2135;11.9%;;1360;11.2%;;27854;7.9%;;;;;;
... 2;600 to < 2;900;1281;7.2%;;799;6.6%;;17189;4.9%;;;;;;
... 2;900 to < 3;200;1054;5.9%;;698;5.7%;;15874;4.5%;;;;;;
... 3;200 to < 3;600;835;4.7%;;678;5.6%;;13439;3.8%;;;;;;
... 3;600 to < 4;0;492;2.8%;;417;3.4%;;8888;2.5%;;;;;;
... 4;000 to < 4;500;432;2.4%;;411;3.4%;;8032;2.3%;;;;;;
... 4;500 to < 5;0;290;1.6%;;268;2.2%;;5229;1.5%;;;;;;
... 5;000 to < 5;500;216;1.2%;;148;1.2%;;3794;1.1%;;;;;;
... 5;500 to < 6;0;110;0.6%;;104;0.9%;;2498;0.7%;;;;;;
... 6;000 to < 7;500;;;;;;;;;;;;;;
... 7;500 to < 10;0;;;;;;;;;;;;;;
... 10;000 to < 18;0;25;0.1%;;32;0.3%;;1708;0.5%;;;;;;
... > 18;0;16;0.1%;;16;0.1%;;757;0.2%;;;;;;;
... Farmer (self-employed; main job);0;0%;;6;0%;;1429;0.4%;;;;;;;
EF436_num;17876;2.305.521;1.293.403;12183;2.439.959;1.474.541;349757;2.138.516;1.723.718;F=258.085***;;;;;;
EF442;17018;;;11332;;;314558;;;X2=5055.874***;;;;;;
... < 150;41;0.2%;;30;0.3%;;2364;0.8%;;;;;;;;
... 150 to < 300;27;0.2%;;35;0.3%;;4318;1.4%;;;;;;;;
... 300 to < 500;;;;;;;;;;;;;;;;
... 500 to < 700;484;2.8%;;211;1.9%;;11839;3.8%;;;;;;;;
... 700 to < 900;;;;;;;;;;;;;;;;
... 900 to < 1;100;330;1.9%;;261;2.3%;;20054;6.4%;;;;;;;
... 1;100 to < 1;300;735;4.3%;;488;4.3%;;24721;7.9%;;;;;;
... 1;300 to < 1;500;1247;7.3%;;659;5.8%;;25359;8.1%;;;;;;
... 1;500 to < 1;700;1626;9.6%;;1028;9.1%;;26401;8.4%;;;;;;
... 1;700 to < 2;0;2635;15.5%;;1821;16.1%;;37932;12.1%;;;;;;
... 2;000 to < 2;300;2615;15.4%;;1747;15.4%;;33388;10.6%;;;;;;
... 2;300 to < 2;600;2085;12.3%;;1287;11.4%;;25118;8%;;;;;;
... 2;600 to < 2;900;1259;7.4%;;728;6.4%;;15675;5%;;;;;;
... 2;900 to < 3;200;985;5.8%;;629;5.6%;;13532;4.3%;;;;;;
... 3;200 to < 3;600;767;4.5%;;615;5.4%;;11785;3.7%;;;;;;
... 3;600 to < 4;0;467;2.7%;;377;3.3%;;7523;2.4%;;;;;;
... 4;000 to < 4;500;367;2.2%;;368;3.2%;;6496;2.1%;;;;;;
... 4;500 to < 5;0;241;1.4%;;223;2%;;4098;1.3%;;;;;;
... 5;000 to < 5;500;168;1%;;129;1.1%;;2782;0.9%;;;;;;
... 5;500 to < 6;0;;;;;;;;;;;;;;
... 6;000 to < 7;500;;;;;;;;;;;;;;
... 7;500 to < 10;0;;;;;;;;;;;;;;
... 10;000 to < 18;0;;;;;;;;;;;;;;
... > 18;0;5;0%;;4;0%;;250;0.1%;;;;;;;
EF442_num;17018;2.255.076;1.180.169;11332;2.340.079;1.227.351;314558;1.999.407;1.438.629;F=552.907***;;;;;;
EF114UG4;18134;;;12377;;;357064;;;X2=65770.039***;;;;;;
... Occupations in agriculture; forestry; farming; and gardening;0;0%;;243;2%;;7678;2.2%;;;;;
... Occupations in production of raw materials and goods; and manufacturing;13074;72.1%;;3773;30.5%;;56300;15.8%;;;;;;;
... Occupations in construction; architecture; surveying and technical building services;;;;;;;;;;;;;;
... Occupations in natural sciences; geography and informatics;;;;;;;;;;;;;;;
... Occupations in traffic; logistics; safety and security;754;4.2%;;5235;42.3%;;42943;12%;;;;;;
... Occupations in commercial services; trading; sales; the hotel business and tourism;0;0%;;51;0.4%;;46263;13%;;;;;
... Occupations in business organisation; accounting; law and administration;0;0%;;71;0.6%;;81756;22.9%;;;;;;
... Occupations in health care; the social sector; teaching and education;0;0%;;0;0%;;77395;21.7%;;;;;;
... Occupations in philology; literature; humanities; social sciences; economics; media; art; culture; and design;0;0%;;578;4.7%;;11556;3.2%
... Military occupations;0;0%;;0;0%;;1440;0.4%;;;;;;;;
EF137UG1;18134;;;12377;;;357064;;;X2=68831.207***;;;;;;
... Crop and animal production;;;;;;;;;;;;;;;;
... Forestry and logging;;;;;;;;;;;;;;;;
... Fishing and aquaculture;;;;;;;;;;;;;;;;
... Mining of coal and lignite;;;;;;;;;;;;;;;;
... Extraction of crude petroleum and natural gas;;;;;;;;;;;;;;;;
... Mining of metal ores;;;;;;;;;;;;;;;;
... Other mining and quarrying;;;;;;;;;;;;;;;;
... Mining support service activities;;;;;;;;;;;;;;;;
... Manufacture of food products;;;;;;;;;;;;;;;;
... Manufacture of beverages;;;;;;;;;;;;;;;;
... Manufacture of tobacco products;;;;;;;;;;;;;;;;
... Manufacture of textiles;;;;;;;;;;;;;;;;
... Manufacture of wearing apparel;;;;;;;;;;;;;;;;
... Manufacture of leather and related products;;;;;;;;;;;;;;;;
... Manufacture of wood and of products of wood and cork;;;;;;;;;;;;;;;;
... Manufacture of paper and paper products;;;;;;;;;;;;;;;;
... Printing and reproduction of recorded media;;;;;;;;;;;;;;;;
... Manufacture of coke and refined petroleum products;;;;;;;;;;;;;;;;
... Manufacture of chemicals and chemical products;;;;;;;;;;;;;;;;
... Manufacture of basic pharmaceutical products and pharmaceutical preparations;;;;;;;;;;;;;;;;
... Manufacture of rubber and plastic products;;;;;;;;;;;;;;;;
... Manufacture of other non-metallic mineral products;;;;;;;;;;;;;;;;
... Manufacture of basic metals;;;;;;;;;;;;;;;;
... Manufacture of fabricated metal products;;;;;;;;;;;;;;;;
... Manufacture of computer;;;;;;;;;;;;;;;;
... Manufacture of electrical equipment;;;;;;;;;;;;;;;;
... Manufacture of machinery and equipment n.e.c.;;;;;;;;;;;;;;;;
... Manufacture of motor vehicles;;;;;;;;;;;;;;;;
... Manufacture of other transport equipment;;;;;;;;;;;;;;;;
... Manufacture of furniture;;;;;;;;;;;;;;;;
... Other manufacturing;;;;;;;;;;;;;;;;
... Repair and installation of machinery and equipment;;;;;;;;;;;;;;;;
... Electricity;;;;;;;;;;;;;;;;
... Water collection;;;;;;;;;;;;;;;;
... Sewerage;;;;;;;;;;;;;;;;
... Waste collection;;;;;;;;;;;;;;;;
... Remediation activities and other waste management services;;;;;;;;;;;;;;;;
... Construction of buildings;;;;;;;;;;;;;;;;
... Civil engineering;;;;;;;;;;;;;;;;
... Specialised construction activities;;;;;;;;;;;;;;;;
... Wholesale and retail trade and repair of motor vehicles and motorcycles;;;;;;;;;;;;;;;;
... Wholesale trade;;;;;;;;;;;;;;;;
... Retail trade;;;;;;;;;;;;;;;;
... Land transport and transport via pipelines;;;;;;;;;;;;;;;;
... Water transport;;;;;;;;;;;;;;;;
... Air transport;;;;;;;;;;;;;;;;
... Warehousing and support activities for transportation;;;;;;;;;;;;;;;;
... Postal and courier activities;;;;;;;;;;;;;;;;
... Accommodation;;;;;;;;;;;;;;;;
... Food and beverage service activities;;;;;;;;;;;;;;;;
... Publishing activities;;;;;;;;;;;;;;;;
... Motion picture;;;;;;;;;;;;;;;;
... Programming and broadcasting activities;;;;;;;;;;;;;;;;
... Telecommunications;;;;;;;;;;;;;;;;
... Computer programming;;;;;;;;;;;;;;;;
... Information service activities;;;;;;;;;;;;;;;;
... Financial service activities;;;;;;;;;;;;;;;;
... Insurance;;;;;;;;;;;;;;;;
... Activities auxiliary to financial services and insurance activities;;;;;;;;;;;;;;;;
... Real estate activities;;;;;;;;;;;;;;;;
... Legal and accounting activities;;;;;;;;;;;;;;;;
"... Activities of head offices; management consultancy activities";;;;;;;;;;;;;;;;
"... Architectural and engineering activities; technical testing and analysis";;;;;;;;;;;;;;;;
... Scientific research and development;;;;;;;;;;;;;;;;
... Advertising and market research;;;;;;;;;;;;;;;;
... Other professional;;;;;;;;;;;;;;;;
... Veterinary activities;;;;;;;;;;;;;;;;
... Rental and leasing activities;;;;;;;;;;;;;;;;
... Employment activities;;;;;;;;;;;;;;;;
... Travel agency;;;;;;;;;;;;;;;;
... Security and investigation activities;;;;;;;;;;;;;;;;
... Services to buildings and landscape activities;;;;;;;;;;;;;;;;
... Office administrative;;;;;;;;;;;;;;;;
"... Public administration and defence; compulsory social security";;;;;;;;;;;;;;;;
... Education;;;;;;;;;;;;;;;;
... Human health activities;;;;;;;;;;;;;;;;
... Residential care activities;;;;;;;;;;;;;;;;
... Social work activities without accommodation;;;;;;;;;;;;;;;;
... Creative;;;;;;;;;;;;;;;;
... Libraries;;;;;;;;;;;;;;;;
... Gambling and betting activities;;;;;;;;;;;;;;;;
... Sports activities and amusement and recreation activities;;;;;;;;;;;;;;;;
... Activities of membership organisations;;;;;;;;;;;;;;;;
... Repair of computers and personal and household goods;;;;;;;;;;;;;;;;
... Other personal service activities;;;;;;;;;;;;;;;;
... Activities of households as employers of domestic personnel;;;;;;;;;;;;;;;;
... Undifferentiated goods- and services-producing activities of private households for own use;;;;;;;;;;;;;;;;
... Activities of extraterritorial organisations and bodies;;;;;;;;;;;;;;;;
