,isco_code,preferredLabel,n_obs,EF952_sum,share_brown_unwtd,share_brown_wtd,share_green_unwtd,share_green_wtd,share_neutral_unwtd,share_neutral_wtd
0,0110,Commissioned armed forces officers,105.0,12347.157,0.0,0.0,0.0,0.0,1.0,1.0
1,0210,Non-commissioned armed forces officers,72.0,9550.961,0.0,0.0,0.0,0.0,1.0,1.0
2,0310,"Armed forces occupations, other ranks",1263.0,168173.179,0.0,0.0,0.0,0.0,1.0,1.0
3,1111,Legislators,113.0,12220.074,0.0,0.0,0.0,0.0,1.0,1.0
4,1112,Senior government officials,211.0,22031.293,0.0,0.0,0.0,0.0,1.0,1.0
5,1114,Senior officials of special-interest organisations,59.0,6118.662,0.0,0.0,0.0,0.0,1.0,1.0
6,1120,Managing directors and chief executives,6730.0,734645.324,0.0,0.0,0.0,0.0,1.0,1.0
7,1211,Finance managers,205.0,22326.529,0.0,0.0,0.0,0.0,1.0,1.0
8,1212,Human resource managers,516.0,54449.928,0.0,0.0,0.0,0.0,1.0,1.0
9,1213,Policy and planning managers,3017.0,326386.385,0.0,0.0,0.0,0.0,1.0,1.0
10,1219,Business services and administration managers not elsewhere classified,39.0,4102.606,0.0,0.0,0.0,0.0,1.0,1.0
11,1221,Sales and marketing managers,1403.0,155541.827,0.0,0.0,0.0,0.0,1.0,1.0
12,1222,Advertising and public relations managers,333.0,36469.322,0.0,0.0,0.0,0.0,1.0,1.0
13,1223,Research and development managers,102.0,11039.419,0.0,0.0,0.0,0.0,1.0,1.0
14,1312,Aquaculture and fisheries production managers,,,,,,,,
15,1321,Manufacturing managers,1467.0,160473.557,0.0,0.0,0.0,0.0,1.0,1.0
16,1322,Mining managers,25.0,2645.023,0.0,0.0,0.0,0.0,1.0,1.0
17,1323,Construction managers,534.0,59876.891,0.0,0.0,0.0,0.0,1.0,1.0
18,1324,"Supply, distribution and related managers",541.0,59673.472,0.0,0.0,0.0,0.0,1.0,1.0
19,1330,Information and communications technology service managers,,,,,,,,
20,1342,Health services managers,519.0,55536.062,0.0,0.0,0.0,0.0,1.0,1.0
21,1343,Aged care services managers,87.0,9410.5,0.0,0.0,0.0,0.0,1.0,1.0
22,1344,Social welfare managers,494.0,52624.425,0.0,0.0,0.0,0.0,1.0,1.0
23,1345,Education managers,461.0,49265.651,0.0,0.0,0.0,0.0,1.0,1.0
24,1346,Financial and insurance services branch managers,177.0,18836.548,0.0,0.0,0.0,0.0,1.0,1.0
25,1349,Professional services managers not elsewhere classified,430.0,46283.945,0.0,0.0,0.002325581,0.002908806,0.997674419,0.997091194
26,1411,Hotel managers,229.0,26546.358,0.0,0.0,0.0,0.0,1.0,1.0
27,1412,Restaurant managers,1306.0,152361.71,0.0,0.0,0.0,0.0,1.0,1.0
28,1420,Retail and wholesale trade managers,15.0,1910.94,0.0,0.0,0.0,0.0,1.0,1.0
29,1431,"Sports, recreation and cultural centre managers",105.0,11522.013,0.0,0.0,0.0,0.0,1.0,1.0
30,1439,Services managers not elsewhere classified,23.0,2544.215,0.0,0.0,0.0,0.0,1.0,1.0
31,2111,Physicists and astronomers,198.0,22013.186,0.0,0.0,0.0,0.0,1.0,1.0
32,2112,Meteorologists,8.0,1019.864,0.0,0.0,0.25,0.25,0.75,0.75
33,2113,Chemists,280.0,31222.474,0.0,0.0,0.0,0.0,1.0,1.0
34,2114,Geologists and geophysicists,99.0,10746.558,0.055555556,0.055555556,0.388888889,0.388888889,0.555555556,0.555555556
35,2120,"Mathematicians, actuaries and statisticians",272.0,30817.301,0.0,0.0,0.0,0.0,1.0,1.0
36,2131,"Biologists, botanists, zoologists and related professionals",322.0,35169.243,0.0,0.0,0.04743083,0.046987244,0.95256917,0.953012756
37,2132,"Farming, forestry and fisheries advisers",315.0,33964.368,0.0,0.0,0.092154195,0.094637929,0.907845805,0.905362071
38,2133,Environmental protection professionals,106.0,12288.46,0.0,0.0,0.979784367,0.980584153,0.020215633,0.019415847
39,2141,Industrial and production engineers,1124.0,122801.704,0.0,0.0,0.0,0.0,1.0,1.0
40,2142,Civil engineers,1544.0,166640.765,0.008257772,0.008464018,0.011981865,0.01131519,0.979760363,0.980220791
41,2143,Environmental engineers,93.0,10312.718,0.0,0.0,1.0,1.0,0.0,0.0
42,2144,Mechanical engineers,2414.0,267500.267,0.0495029,0.049029736,0.004438395,0.004324607,0.946058705,0.946645657
43,2145,Chemical engineers,311.0,33837.751,0.0,0.0,0.0,0.0,1.0,1.0
44,2146,"Mining engineers, metallurgists and related professionals",85.0,9727.695,0.159663866,0.169540457,0.0,0.0,0.840336134,0.830459543
45,2149,Engineering professionals not elsewhere classified,2178.0,240333.18,0.02674472,0.025996319,0.085169881,0.085495774,0.888085399,0.888507907
46,2151,Electrical engineers,1057.0,114986.308,0.106500878,0.106441889,0.107537055,0.107580198,0.785962067,0.785977912
47,2152,Electronics engineers,194.0,21908.671,0.0,0.0,0.0,0.0,1.0,1.0
48,2153,Telecommunications engineers,158.0,17413.907,0.0,0.0,0.0,0.0,1.0,1.0
49,2161,Building architects,1424.0,157411.48,0.0,0.0,0.0,0.0,1.0,1.0
50,2162,Landscape architects,140.0,15.586.769,0.0,0.0,0.0,0.0,1.0,1.0
51,2163,Product and garment designers,418.0,48.080.914,0.0,0.0,0.0,0.0,1.0,1.0
52,2164,Town and traffic planners,216.0,23.429.331,0.0,0.0,0.0,0.0,1.0,1.0
53,2165,Cartographers and surveyors,143.0,15.190.092,0.0,0.0,0.0,0.0,1.0,1.0
54,2166,Graphic and multimedia designers,1133.0,127.885.278,0.0,0.0,0.0,0.0,1.0,1.0
55,2211,Generalist medical practitioners,1898.0,213.488.764,0.0,0.0,0.0,0.0,1.0,1.0
56,2212,Specialist medical practitioners,1853.0,204.242.012,0.0,0.0,0.0,0.0,1.0,1.0
57,2221,Nursing professionals,146.0,15.607.546,0.0,0.0,0.0,0.0,1.0,1.0
58,2222,Midwifery professionals,212.0,23.053.321,0.0,0.0,0.0,0.0,1.0,1.0
59,2230,Traditional and complementary medicine professionals,331.0,35.156.031,0.0,0.0,0.0,0.0,1.0,1.0
60,2240,Paramedical practitioners,7.0,863.845,0.0,0.0,0.0,0.0,1.0,1.0
61,2250,Veterinarians,326.0,34.665.172,0.0,0.0,0.0,0.0,1.0,1.0
62,2261,Dentists,699.0,75897.72,0.0,0.0,0.0,0.0,1.0,1.0
63,2262,Pharmacists,641.0,71.029.175,0.0,0.0,0.0,0.0,1.0,1.0
64,2263,Environmental and occupational health and hygiene professionals,101.0,11.237.457,0.0,0.0,0.108910891,0.106123921,0.891089109,0.893876079
65,2264,Physiotherapists,1856.0,201.827.103,0.0,0.0,0.0,0.0,1.0,1.0
66,2265,Dieticians and nutritionists,175.0,19.049.717,0.0,0.0,0.0,0.0,1.0,1.0
67,2266,Audiologists and speech therapists,296.0,32391.17,0.0,0.0,0.0,0.0,1.0,1.0
68,2267,Optometrists and ophthalmic opticians,23.0,2.569.428,0.0,0.0,0.0,0.0,1.0,1.0
69,2269,Health professionals not elsewhere classified,822.0,88.366.575,0.0,0.0,0.0,0.0,1.0,1.0
70,2310,University and higher education teachers,2982.0,339707.52,0.0,0.0,0.0,0.0,1.0,1.0
71,2320,Vocational education teachers,2936.0,318.300.219,0.0,0.0,0.0,0.0,1.0,1.0
72,2330,Secondary education teachers,4355.0,467.381.545,0.0,0.0,0.0,0.0,1.0,1.0
73,2341,Primary school teachers,2007.0,214.930.522,0.0,0.0,0.0,0.0,1.0,1.0
74,2351,Education methods specialists,629.0,66.901.099,0.0,0.0,0.061261261,0.061733945,0.938738739,0.938266055
75,2352,Special needs teachers,957.0,102.824.373,0.0,0.0,0.0,0.0,1.0,1.0
76,2353,Other language teachers,238.0,28083.47,0.0,0.0,0.0,0.0,1.0,1.0
77,2354,Other music teachers,549.0,61.652.186,0.0,0.0,0.0,0.0,1.0,1.0
78,2355,Other arts teachers,175.0,19.817.687,0.0,0.0,0.0,0.0,1.0,1.0
79,2356,Information technology trainers,97.0,10.533.367,0.0,0.0,0.0,0.0,1.0,1.0
80,2359,Teaching professionals not elsewhere classified,385.0,42.605.446,0.0,0.0,0.0,0.0,1.0,1.0
81,2411,Accountants,2550.0,278.238.592,0.0,0.0,0.0,0.0,1.0,1.0
82,2412,Financial and investment advisers,496.0,54.757.213,0.0,0.0,0.0,0.0,1.0,1.0
83,2413,Financial analysts,176.0,20.589.768,0.0,0.0,0.0,0.0,1.0,1.0
84,2421,Management and organisation analysts,3685.0,409.110.262,0.0,0.0,0.00339213,0.003041902,0.99660787,0.996958098
85,2422,Policy administration professionals,921.0,98464.68,0.0,0.0,0.0,0.0,1.0,1.0
86,2423,Personnel and careers professionals,1051.0,114650.96,0.0,0.0,0.0,0.0,1.0,1.0
87,2424,Training and staff development professionals,232.0,25.379.154,0.0,0.0,0.0,0.0,1.0,1.0
88,2431,Advertising and marketing professionals,1945.0,220.112.944,0.0,0.0,0.0,0.0,1.0,1.0
89,2432,Public relations professionals,458.0,51.060.255,0.0,0.0,0.0,0.0,1.0,1.0
90,2433,Technical and medical sales professionals (excluding ICT),1745.0,192.389.708,0.0,0.0,0.0,0.0,1.0,1.0
91,2434,Information and communications technology sales professionals,367.0,40.172.814,0.0,0.0,0.0,0.0,1.0,1.0
92,2511,Systems analysts,2383.0,264.512.371,0.0,0.0,0.037851448,0.038108033,0.962148552,0.961891967
93,2512,Software developers,2630.0,302.351.225,0.0,0.0,0.0,0.0,1.0,1.0
94,2513,Web and multimedia developers,173.0,19.818.874,0.0,0.0,0.0,0.0,1.0,1.0
95,2514,Applications programmers,1004.0,114.361.369,0.0,0.0,0.0,0.0,1.0,1.0
96,2519,Software and applications developers and analysts not elsewhere classified,180.0,20.711.068,0.0,0.0,0.0,0.0,1.0,1.0
97,2521,Database designers and administrators,92.0,10305.3,0.0,0.0,0.0,0.0,1.0,1.0
98,2522,Systems administrators,1124.0,124.076.344,0.0,0.0,0.0,0.0,1.0,1.0
99,2523,Computer network professionals,15.0,1.674.603,0.0,0.0,0.0,0.0,1.0,1.0
100,2529,Database and network professionals not elsewhere classified,37.0,4.507.213,0.0,0.0,0.0,0.0,1.0,1.0
101,2611,Lawyers,1285.0,139.000.275,0.0,0.0,0.0,0.0,1.0,1.0
102,2612,Judges,206.0,22.513.719,0.0,0.0,0.0,0.0,1.0,1.0
103,2619,Legal professionals not elsewhere classified,717.0,77.467.494,0.0,0.0,0.0,0.0,1.0,1.0
104,2621,Archivists and curators,179.0,19.417.517,0.0,0.0,0.0,0.0,1.0,1.0
105,2622,Librarians and related information professionals,219.0,23060.99,0.0,0.0,0.0,0.0,1.0,1.0
106,2631,Economists,70.0,7.805.695,0.0,0.0,0.0,0.0,1.0,1.0
107,2632,"Sociologists, anthropologists and related professionals",169.0,18.621.607,0.0,0.0,0.0,0.0,1.0,1.0
108,2633,"Philosophers, historians and political scientists",173.0,19.457.626,0.0,0.0,0.0,0.0,1.0,1.0
109,2634,Psychologists,1014.0,110.696.366,0.0,0.0,0.0,0.0,1.0,1.0
110,2635,Social work and counselling professionals,3235.0,352.229.182,0.0,0.0,0.0,0.0,1.0,1.0
111,2636,Religious professionals,456.0,49751.35,0.0,0.0,0.0,0.0,1.0,1.0
112,2641,Authors and related writers,242.0,26.430.488,0.0,0.0,0.0,0.0,1.0,1.0
113,2642,Journalists,1185.0,132.255.972,0.0,0.0,0.0,0.0,1.0,1.0
114,2643,"Translators, interpreters and other linguists",453.0,51.821.212,0.0,0.0,0.0,0.0,1.0,1.0
115,2651,Visual artists,375.0,43.279.131,0.0,0.0,0.0,0.0,1.0,1.0
116,2652,"Musicians, singers and composers",630.0,72.978.193,0.0,0.0,0.0,0.0,1.0,1.0
117,2653,Dancers and choreographers,52.0,6.672.499,0.0,0.0,0.0,0.0,1.0,1.0
118,2654,"Film, stage and related directors and producers",394.0,44.846.555,0.0,0.0,0.0,0.0,1.0,1.0
119,2655,Actors,134.0,15.501.367,0.0,0.0,0.0,0.0,1.0,1.0
120,2656,"Announcers on radio, television and other media",22.0,2.589.008,0.0,0.0,0.0,0.0,1.0,1.0
121,2659,Creative and performing artists not elsewhere classified,138.0,16.817.502,0.0,0.0,0.0,0.0,1.0,1.0
122,3111,Chemical and physical science technicians,992.0,107.873.886,0.0,0.0,0.0,0.0,1.0,1.0
123,3112,Civil engineering technicians,1426.0,156.371.054,0.002062536,0.002085576,0.011570827,0.011013487,0.986366636,0.986900938
124,3113,Electrical engineering technicians,1116.0,122.038.182,,9.0,,0.036108016,,
125,3114,Electronics engineering technicians,230.0,25.484.437,0.0,0.0,0.0,0.0,1.0,1.0
126,3115,Mechanical engineering technicians,1906.0,209.958.475,0.0,0.0,0.0,0.0,1.0,1.0
127,3116,Chemical engineering technicians,262.0,29.256.191,0.0,0.0,0.0,0.0,1.0,1.0
128,3117,Mining and metallurgical technicians,181.0,19693.58,0.133967515,0.131444468,0.0,0.0,0.866032485,0.868555532
129,3118,Draughtspersons,1913.0,207.650.791,0.0,0.0,0.0,0.0,1.0,1.0
130,3119,Physical and engineering science technicians not elsewhere classified,3203.0,352.958.952,,7.0,,0.038437862,,
131,3121,Mining supervisors,21.0,2.210.351,0.0,0.0,0.0,0.0,1.0,1.0
132,3122,Manufacturing supervisors,4655.0,501.975.942,0.033888292,0.03503605,0.011485559,0.011111742,0.954626149,0.953852208
133,3123,Construction supervisors,1966.0,210.785.876,0.013250096,0.01314399,0.016873811,0.016651878,0.969876092,0.970204132
134,3131,Power production plant operators,201.0,22.006.135,0.142857143,0.142857143,0.5,0.5,0.357142857,0.357142857
135,3132,Incinerator and water treatment plant operators,255.0,27.865.164,0.179831933,0.179696282,0.280672269,0.281214874,0.539495798,0.539088845
136,3133,Chemical processing plant controllers,13.0,1.289.397,0.0,0.0,0.0,0.0,1.0,1.0
137,3134,Petroleum and natural gas refining plant operators,,,,,,,,
138,3135,Metal production process controllers,,,,,,,,
139,3141,Life science technicians (excluding medical),349.0,38.094.181,0.0,0.0,0.133237822,0.133367141,0.866762178,0.866632859
140,3142,Agricultural technicians,114.0,12.532.249,0.0,0.0,0.012061404,0.013433632,0.987938596,0.986566368
141,3143,Forestry technicians,113.0,11.668.038,0.0,0.0,0.408554572,0.406703823,0.591445428,0.593296177
142,3151,Ships’ engineers,35.0,4.120.295,0.0,0.0,0.0,0.0,1.0,1.0
143,3152,Ships' deck officers and pilots,127.0,14.567.598,0.0,0.0,0.0,0.0,1.0,1.0
144,3153,Aircraft pilots and related associate professionals,159.0,17.361.176,0.0,0.0,0.0,0.0,1.0,1.0
145,3154,Air traffic controllers,41.0,4.210.899,0.0,0.0,0.0,0.0,1.0,1.0
146,3211,Medical imaging and therapeutic equipment technicians,233.0,25.431.136,0.0,0.0,0.0,0.0,1.0,1.0
147,3212,Medical and pathology laboratory technicians,762.0,82.732.759,0.0,0.0,0.0,0.0,1.0,1.0
148,3213,Pharmaceutical technicians and assistants,748.0,80.920.444,0.0,0.0,0.0,0.0,1.0,1.0
149,3214,Medical and dental prosthetic technicians,776.0,84.329.943,0.0,0.0,0.0,0.0,1.0,1.0
150,3221,Nursing associate professionals,12967.0,1.428.280.148,0.0,0.0,0.0,0.0,1.0,1.0
151,3222,Midwifery associate professionals,16.0,1.640.233,0.0,0.0,0.0,0.0,1.0,1.0
152,3240,Veterinary technicians and assistants,239.0,26.147.599,0.0,0.0,0.0,0.0,1.0,1.0
153,3251,Dental assistants and therapists,2045.0,223.978.112,0.0,0.0,0.0,0.0,1.0,1.0
154,3252,Medical records and health information technicians,173.0,18.993.414,0.0,0.0,0.0,0.0,1.0,1.0
155,3253,Community health workers,62.0,6.474.487,0.0,0.0,0.0,0.0,1.0,1.0
156,3254,Dispensing opticians,364.0,39846.83,0.0,0.0,0.0,0.0,1.0,1.0
157,3255,Physiotherapy technicians and assistants,628.0,68.709.359,0.0,0.0,0.0,0.0,1.0,1.0
158,3256,Medical assistants,4104.0,447.204.001,0.0,0.0,0.0,0.0,1.0,1.0
159,3257,Environmental and occupational health inspectors and associates,647.0,72.135.883,0.0,0.0,0.045595054,0.047245862,0.954404946,0.952754138
160,3258,Ambulance workers,673.0,74.017.765,0.0,0.0,0.0,0.0,1.0,1.0
161,3259,Health associate professionals not elsewhere classified,83.0,9.165.389,0.0,0.0,0.0,0.0,1.0,1.0
162,3311,Securities and finance dealers and brokers,427.0,46.380.918,0.0,0.0,0.0,0.0,1.0,1.0
163,3312,Credit and loans officers,642.0,67.999.093,0.0,0.0,0.0,0.0,1.0,1.0
164,3313,Accounting associate professionals,3717.0,403.178.043,0.0,0.0,0.0,0.0,1.0,1.0
165,3314,"Statistical, mathematical and related associate professionals",11.0,1.307.452,0.0,0.0,0.0,0.0,1.0,1.0
166,3315,Valuers and loss assessors,11.0,12.585.439.999.999.900,0.0,0.0,0.0,0.0,1.0,1.0
167,3321,Insurance representatives,665.0,71.495.713,0.0,0.0,0.0,0.0,1.0,1.0
168,3322,Commercial sales representatives,2189.0,237.700.379,0.0,0.0,0.0,0.0,1.0,1.0
169,3323,Buyers,1015.0,111169.08,0.0,0.0,0.0,0.0,1.0,1.0
170,3324,Trade brokers,66.0,6961.74,0.0,0.0,0.193181818,0.195097741,0.806818182,0.804902259
171,3331,Clearing and forwarding agents,379.0,41.412.637,0.0,0.0,0.0,0.0,1.0,1.0
172,3332,Conference and event planners,284.0,31.860.315,0.0,0.0,0.0,0.0,1.0,1.0
173,3333,Employment agents and contractors,366.0,40.672.539,0.0,0.0,0.0,0.0,1.0,1.0
174,3334,Real estate agents and property managers,1679.0,181.333.526,0.0,0.0,0.0,0.0,1.0,1.0
175,3339,Business services agents not elsewhere classified,96.0,10.398.759,0.0,0.0,0.0,0.0,1.0,1.0
176,3341,Office supervisors,4689.0,522.597.058,0.0,0.0,0.0,0.0,1.0,1.0
177,3342,Legal secretaries,1534.0,165.933.227,0.0,0.0,0.0,0.0,1.0,1.0
178,3343,Administrative and executive secretaries,9698.0,1.041.152.753,,,,,,
179,3344,Medical secretaries,777.0,84.819.163,0.0,0.0,0.0,0.0,1.0,1.0
180,3351,Customs and border inspectors,331.0,35974.12,0.0,0.0,0.0,0.0,1.0,1.0
181,3352,Government tax and excise officials,892.0,95.485.757,0.0,0.0,0.0,0.0,1.0,1.0
182,3353,Government social benefits officials,1106.0,119.044.535,0.0,0.0,0.0,0.0,1.0,1.0
183,3354,Government licensing officials,12.0,1.372.192,0.0,0.0,0.0,0.0,1.0,1.0
184,3355,Police inspectors and detectives,1234.0,133.199.054,0.0,0.0,0.0,0.0,1.0,1.0
185,3359,Regulatory government associate professionals not elsewhere classified,52.0,5.472.052,0.0,0.0,0.0,0.0,1.0,1.0
186,3411,Legal and related associate professionals,444.0,47.910.526,0.0,0.0,0.0,0.0,1.0,1.0
187,3412,Social work associate professionals,8964.0,983.788.539,0.0,0.0,0.0,0.0,1.0,1.0
188,3413,Religious associate professionals,271.0,28.878.123,0.0,0.0,0.0,0.0,1.0,1.0
189,3421,Athletes and sports players,83.0,9.666.287,0.0,0.0,0.0,0.0,1.0,1.0
190,3422,"Sports coaches, instructors and officials",589.0,65.239.059,0.0,0.0,0.0,0.0,1.0,1.0
191,3423,Fitness and recreation instructors and program leaders,679.0,73.915.033,0.0,0.0,0.0,0.0,1.0,1.0
192,3431,Photographers,328.0,36.888.346,0.0,0.0,0.0,0.0,1.0,1.0
193,3432,Interior designers and decorators,450.0,50.425.934,0.0,0.0,0.0,0.0,1.0,1.0
194,3433,"Gallery, museum and library technicians",64.0,7.021.748,0.0,0.0,0.0,0.0,1.0,1.0
195,3434,Chefs,296.0,31.963.407,0.0,0.0,0.0,0.0,1.0,1.0
196,3435,Other artistic and cultural associate professionals,379.0,42.359.722,0.0,0.0,0.0,0.0,1.0,1.0
197,3511,Information and communications technology operations technicians,99.0,10.651.796,0.0,0.0,0.0,0.0,1.0,1.0
198,3512,Information and communications technology user support technicians,1419.0,159.870.026,0.0,0.0,0.0,0.0,1.0,1.0
199,3513,Computer network and systems technicians,139.0,14826.7,0.0,0.0,0.0,0.0,1.0,1.0
200,3514,Web technicians,9.0,942.152,0.0,0.0,0.0,0.0,1.0,1.0
201,3521,Broadcasting and audiovisual technicians,235.0,26.582.944,0.0,0.0,0.0,0.0,1.0,1.0
202,3522,Telecommunications engineering technicians,448.0,49478.81,0.0,0.0,0.0,0.0,1.0,1.0
203,4110,General office clerks,9.0,908.311,0.0,0.0,0.666666667,0.666666667,0.333333333,0.333333333
204,4120,Secretaries (general),12793.0,1.376.926.695,0.0,0.0,0.0,0.0,1.0,1.0
205,4131,Typists and word processing operators,245.0,26.631.327,0.0,0.0,0.0,0.0,1.0,1.0
206,4132,Data entry clerks,1936.0,215.153.411,0.0,0.0,0.0,0.0,1.0,1.0
207,4211,Bank tellers and related clerks,3508.0,375.081.191,0.0,0.0,0.0,0.0,1.0,1.0
208,4212,"Bookmakers, croupiers and related gaming workers",91.0,9.813.775,0.0,0.0,0.0,0.0,1.0,1.0
209,4213,Pawnbrokers and money-lenders,3.0,340.374,0.0,0.0,0.0,0.0,1.0,1.0
210,4214,Debt-collectors and related workers,11.0,1.166.628,0.0,0.0,0.0,0.0,1.0,1.0
211,4221,Travel consultants and clerks,883.0,95.900.603,0.0,0.0,0.0,0.0,1.0,1.0
212,4222,Contact centre information clerks,648.0,72.137.841,0.0,0.0,0.0,0.0,1.0,1.0
213,4224,Hotel receptionists,1146.0,128.516.375,0.0,0.0,0.0,0.0,1.0,1.0
214,4225,Enquiry clerks,14.0,1.599.605,0.0,0.0,0.0,0.0,1.0,1.0
215,4226,Receptionists (general),109.0,12.142.508,0.0,0.0,0.0,0.0,1.0,1.0
216,4227,Survey and market research interviewers,44.0,4.826.025,0.0,0.0,0.0,0.0,1.0,1.0
217,4311,Accounting and bookkeeping clerks,2399.0,261.557.781,0.0,0.0,0.0,0.0,1.0,1.0
218,4312,"Statistical, finance and insurance clerks",1995.0,215278.89,0.0,0.0,0.0,0.0,1.0,1.0
219,4321,Stock clerks,5555.0,628.610.566,0.0,0.0,0.0,0.0,1.0,1.0
220,4322,Production clerks,11538.0,1.237.904.008,0.0,0.0,0.0,0.0,1.0,1.0
221,4323,Transport clerks,1768.0,196.375.539,0.0,0.0,0.0,0.0,1.0,1.0
222,4411,Library clerks,75.0,8.136.813,0.0,0.0,0.0,0.0,1.0,1.0
223,4412,Mail carriers and sorting clerks,1625.0,185.686.693,0.0,0.0,0.0,0.0,1.0,1.0
224,4413,"Coding, proof-reading and related clerks",64.0,7.035.233,0.0,0.0,0.0,0.0,1.0,1.0
225,4415,Filing and copying clerks,53.0,5.489.598,0.0,0.0,0.0,0.0,1.0,1.0
226,4416,Personnel clerks,743.0,81.481.815,0.0,0.0,0.0,0.0,1.0,1.0
227,4419,Clerical support workers not elsewhere classified,1180.0,131.407.988,0.0,0.0,0.0,0.0,1.0,1.0
228,5111,Travel attendants and travel stewards,372.0,42.195.169,0.0,0.0,0.0,0.0,1.0,1.0
229,5112,Transport conductors,193.0,21.127.907,0.0,0.0,0.0,0.0,1.0,1.0
230,5113,Travel guides,85.0,9.374.592,0.0,0.0,0.0,0.0,1.0,1.0
231,5120,Cooks,2509.0,295.837.836,0.0,0.0,0.0,0.0,1.0,1.0
232,5131,Waiters,4708.0,548.672.573,0.0,0.0,0.0,0.0,1.0,1.0
233,5132,Bartenders,220.0,27.858.196,0.0,0.0,0.0,0.0,1.0,1.0
234,5141,Hairdressers,1725.0,190.982.449,0.0,0.0,0.0,0.0,1.0,1.0
235,5142,Beauticians and related workers,1366.0,150.394.601,0.0,0.0,0.0,0.0,1.0,1.0
236,5151,"Cleaning and housekeeping supervisors in offices, hotels and other establishments",1823.0,197.061.915,0.0,0.0,0.0,0.0,1.0,1.0
237,5152,Domestic housekeepers,82.0,8.837.148,0.0,0.0,0.0,0.0,1.0,1.0
238,5153,Building caretakers,3696.0,403.184.324,0.0,0.0,0.0,0.0,1.0,1.0
239,5163,Undertakers and embalmers,131.0,13.769.147,0.0,0.0,0.0,0.0,1.0,1.0
240,5164,Pet groomers and animal care workers,427.0,47.030.444,0.0,0.0,0.0,0.0,1.0,1.0
241,5165,Driving instructors,700.0,77.902.599,0.0,0.0,0.0,0.0,1.0,1.0
242,5169,Personal services workers not elsewhere classified,9.0,1.294.902,0.0,0.0,0.0,0.0,1.0,1.0
243,5211,Stall and market salespersons,111.0,12.323.216,0.0,0.0,0.0,0.0,1.0,1.0
244,5221,Shop keepers,1402.0,153.684.791,0.0,0.0,0.0,0.0,1.0,1.0
245,5222,Shop supervisors,159.0,17.202.145,0.0,0.0,0.0,0.0,1.0,1.0
246,5223,Shop sales assistants,22487.0,2.478.235.687,0.0,0.0,0.0,0.0,1.0,1.0
247,5230,Cashiers and ticket clerks,1527.0,168.190.969,0.0,0.0,0.0,0.0,1.0,1.0
248,5241,Fashion and other models,22.0,2.332.992,0.0,0.0,0.0,0.0,1.0,1.0
249,5245,Service station attendants,227.0,24.558.811,0.0,0.0,0.0,0.0,1.0,1.0
250,5246,Food service counter attendants,561.0,67.011.671,0.0,0.0,0.0,0.0,1.0,1.0
251,5249,Sales workers not elsewhere classified,92.0,10.657.828,0.0,0.0,0.0,0.0,1.0,1.0
252,5311,Child care workers,1329.0,145.634.607,0.0,0.0,0.0,0.0,1.0,1.0
253,5312,Teachers’ aides,164.0,17.807.427,0.0,0.0,0.0,0.0,1.0,1.0
254,5321,Health care assistants,3152.0,347.750.146,0.0,0.0,0.0,0.0,1.0,1.0
255,5322,Home-based personal care workers,713.0,78.957.888,0.0,0.0,0.0,0.0,1.0,1.0
256,5329,Personal care workers in health services not elsewhere classified,28.0,3.037.651,0.0,0.0,0.0,0.0,1.0,1.0
257,5411,Fire-fighters,383.0,41.509.862,0.0,0.0,0.0,0.0,1.0,1.0
258,5412,Police officers,1083.0,119.056.555,0.0,0.0,0.0,0.0,1.0,1.0
259,5413,Prison guards,279.0,29.832.987,0.0,0.0,0.0,0.0,1.0,1.0
260,5414,Security guards,1624.0,182.992.787,0.0,0.0,0.0,0.0,1.0,1.0
261,5419,Protective services workers not elsewhere classified,189.0,20.845.379,0.0,0.0,0.0,0.0,1.0,1.0
262,6111,Field crop and vegetable growers,52.0,5.762.559,0.0,0.0,0.0,0.0,1.0,1.0
263,6112,Tree and shrub crop growers,139.0,14.364.069,0.0,0.0,0.0,0.0,1.0,1.0
264,6113,"Gardeners, horticultural and nursery growers",2251.0,249.455.613,0.0,0.0,0.002665482,0.00250734,0.997334518,0.99749266
265,6121,Livestock and dairy producers,214.0,23.167.756,0.0,0.0,0.0,0.0,1.0,1.0
266,6122,Poultry producers,26.0,2.986.342,0.0,0.0,0.0,0.0,1.0,1.0
267,6123,Apiarists and sericulturists,18.0,2.052.711,0.0,0.0,0.0,0.0,1.0,1.0
268,6129,Animal producers not elsewhere classified,11.0,1.182.731,0.0,0.0,0.0,0.0,1.0,1.0
269,6130,Mixed crop and animal producers,2093.0,222.312.581,0.0,0.0,0.0,0.0,1.0,1.0
270,6210,Forestry and related workers,189.0,20.158.584,0.0,0.0,0.0,0.0,1.0,1.0
271,6221,Aquaculture workers,13.0,1.364.595,0.0,0.0,0.0,0.0,1.0,1.0
272,6222,Inland and coastal waters fishery workers,10.0,1.096.829,0.0,0.0,0.0,0.0,1.0,1.0
273,7111,House builders,458.0,58.995.596,0.0,0.0,0.0,0.0,1.0,1.0
274,7112,Bricklayers and related workers,1311.0,149.741.998,0.0,0.0,0.0,0.0,1.0,1.0
275,7113,"Stonemasons, stone cutters, splitters and carvers",111.0,12.096.809,0.0,0.0,0.0,0.0,1.0,1.0
276,7114,"Concrete placers, concrete finishers and related workers",688.0,78.325.652,0.145960832,0.140825987,0.024326805,0.023470998,0.829712362,0.835703015
277,7115,Carpenters and joiners,930.0,104.179.975,0.0,0.0,0.0,0.0,1.0,1.0
278,7119,Building frame and related trades workers not elsewhere classified,187.0,22.522.712,0.0,0.0,0.0,0.0,1.0,1.0
279,7121,Roofers,644.0,72.641.109,0.0,0.0,0.0,0.0,1.0,1.0
280,7122,Floor layers and tile setters,782.0,91.999.541,0.0,0.0,0.0,0.0,1.0,1.0
281,7123,Plasterers,802.0,102.391.749,0.0,0.0,0.0,0.0,1.0,1.0
282,7124,Insulation workers,108.0,13.035.966,0.0,0.0,0.0,0.0,1.0,1.0
283,7125,Glaziers,103.0,11.738.412,0.0,0.0,0.0,0.0,1.0,1.0
284,7126,Plumbers and pipe fitters,1851.0,207.524.516,0.198358598,0.197607464,0.009454349,0.009236942,0.792187053,0.793155593
285,7127,Air conditioning and refrigeration mechanics,93.0,10.677.889,0.0,0.0,0.0,0.0,1.0,1.0
286,7131,Painters and related workers,1499.0,169.625.972,0.0,0.0,0.0,0.0,1.0,1.0
287,7132,Spray painters and varnishers,572.0,64.865.013,0.0,0.0,0.0,0.0,1.0,1.0
288,7133,Building structure cleaners,1311.0,150.938.021,0.0,0.0,0.0,0.0,1.0,1.0
289,7211,Metal moulders and coremakers,24.0,2.862.009,0.0,0.0,0.0,0.0,1.0,1.0
290,7212,Welders and flamecutters,735.0,85.038.363,0.045454545,0.045454545,0.0,0.0,0.954545455,0.954545455
291,7213,Sheet-metal workers,191.0,20.614.825,0.0,0.0,0.0,0.0,1.0,1.0
292,7214,Structural-metal preparers and erectors,2950.0,327.548.785,0.0,0.0,0.0,0.0,1.0,1.0
293,7221,"Blacksmiths, hammersmiths and forging press workers",42.0,4.736.871,0.0,0.0,0.0,0.0,1.0,1.0
294,7222,Toolmakers and related workers,955.0,103.105.526,0.0,0.0,0.0,0.0,1.0,1.0
295,7223,Metal working machine tool setters and operators,4218.0,474.177.045,0.008542191,0.008395568,0.0,0.0,0.991457809,0.991604432
296,7224,"Metal polishers, wheel grinders and tool sharpeners",258.0,28.532.211,0.0,0.0,0.0,0.0,1.0,1.0
297,7231,Motor vehicle mechanics and repairers,2795.0,313.286.621,0.074074074,0.074074074,0.0,0.0,0.925925926,0.925925926
298,7232,Aircraft engine mechanics and repairers,259.0,28.985.328,0.0,0.0,0.0,0.0,1.0,1.0
299,7233,Agricultural and industrial machinery mechanics and repairers,4435.0,489.686.521,0.049687404,0.050247904,0.0,0.0,0.950312596,0.949752096
300,7234,Bicycle and related repairers,170.0,19.028.257,0.05,0.05,0.0,0.0,0.95,0.95
301,7311,Precision-instrument makers and repairers,501.0,56.579.526,0.0,0.0,0.0,0.0,1.0,1.0
302,7312,Musical instrument makers and tuners,64.0,7.667.001,0.0,0.0,0.0,0.0,1.0,1.0
303,7313,Jewellery and precious-metal workers,104.0,11222.76,0.0,0.0,0.0,0.0,1.0,1.0
304,7314,Potters and related workers,43.0,4.389.036,0.0,0.0,0.0,0.0,1.0,1.0
305,7315,"Glass makers, cutters, grinders and finishers",58.0,6.496.846,0.0,0.0,0.0,0.0,1.0,1.0
306,7316,"Sign writers, decorative painters, engravers and etchers",93.0,10.233.921,0.0,0.0,0.0,0.0,1.0,1.0
307,7317,"Handicraft workers in wood, basketry and related materials",78.0,8389.38,0.0,0.0,0.0,0.0,1.0,1.0
308,7319,Handicraft workers not elsewhere classified,33.0,3.402.542,0.0,0.0,0.0,0.0,1.0,1.0
309,7321,Pre-press technicians,719.0,79.206.081,0.0,0.0,0.0,0.0,1.0,1.0
310,7322,Printers,420.0,46314.42,0.0,0.0,0.0,0.0,1.0,1.0
311,7323,Print finishing and binding workers,106.0,12.146.428,0.0,0.0,0.0,0.0,1.0,1.0
312,7411,Building and related electricians,2214.0,249.088.748,0.0,0.0,0.0,0.0,1.0,1.0
313,7412,Electrical mechanics and fitters,3490.0,383.827.459,0.018174376,0.018080587,0.026770364,0.026734216,0.95505526,0.955185197
314,7413,Electrical line installers and repairers,136.0,14978.56,0.0,0.0,0.333333333,0.333333333,0.666666667,0.666666667
315,7421,Electronics mechanics and servicers,644.0,69.671.906,0.047619048,0.048020149,0.0,0.0,0.952380952,0.951979851
316,7422,Information and communications technology installers and servicers,2023.0,219.546.026,0.0,0.0,0.0,0.0,1.0,1.0
317,7511,"Butchers, fishmongers and related food preparers",485.0,56.406.016,0.0,0.0,0.0,0.0,1.0,1.0
318,7512,"Bakers, pastry-cooks and confectionery makers",879.0,101.223.886,0.0,0.0,0.0,0.0,1.0,1.0
319,7513,Dairy-products makers,78.0,9.390.847,0.0,0.0,0.0,0.0,1.0,1.0
320,7522,Cabinet-makers and related workers,1920.0,214909.83,0.0,0.0,0.0,0.0,1.0,1.0
321,7523,Woodworking-machine tool setters and operators,273.0,31.373.148,0.0,0.0,0.0,0.0,1.0,1.0
322,7531,"Tailors, dressmakers, furriers and hatters",537.0,59.850.979,0.0,0.0,0.0,0.0,1.0,1.0
323,7532,Garment and related pattern-makers and cutters,38.0,4121.72,0.0,0.0,0.0,0.0,1.0,1.0
324,7533,"Sewing, embroidery and related workers",43.0,4.754.269,0.0,0.0,0.0,0.0,1.0,1.0
325,7534,Upholsterers and related workers,218.0,23992.13,0.0,0.0,0.0,0.0,1.0,1.0
326,7535,"Pelt dressers, tanners and fellmongers",9.0,10.121.619.999.999.900,0.0,0.0,0.0,0.0,1.0,1.0
327,7536,Shoemakers and related workers,103.0,11.450.101,0.0,0.0,0.0,0.0,1.0,1.0
328,7541,Underwater divers,5.0,564.749,0.0,0.0,0.0,0.0,1.0,1.0
329,7542,Shotfirers and blasters,30.0,3444.5,0.0,0.0,0.0,0.0,1.0,1.0
330,7543,Product graders and testers (excluding foods and beverages),1247.0,139.021.757,0.0,0.0,0.0,0.0,1.0,1.0
331,7544,Fumigators and other pest and weed controllers,85.0,9.699.306,0.0,0.0,0.0,0.0,1.0,1.0
332,7549,Craft and related workers not elsewhere classified,556.0,59.899.289,0.0,0.0,0.0,0.0,1.0,1.0
333,8111,Miners and quarriers,78.0,8.609.229,0.941176471,0.941176471,0.0,0.0,0.058823529,0.058823529
334,8112,Mineral and stone processing plant operators,106.0,12090,0.05,0.05,0.0,0.0,0.95,0.95
335,8113,Well drillers and borers and related workers,49.0,5.013.657,1.0,1.0,0.0,0.0,0.0,0.0
336,8114,"Cement, stone and other mineral products machine operators",75.0,7.695.975,0.028571429,0.028571429,0.0,0.0,0.971428571,0.971428571
337,8121,Metal processing plant operators,487.0,53.526.021,0.0,0.0,0.0,0.0,1.0,1.0
338,8122,"Metal finishing, plating and coating machine operators",225.0,24.955.742,0.166666667,0.166666667,0.0,0.0,0.833333333,0.833333333
339,8131,Chemical products plant and machine operators,903.0,98.494.572,0.095238095,0.095238095,0.0,0.0,0.904761905,0.904761905
340,8132,Photographic products machine operators,48.0,5.312.137,0.0,0.0,0.0,0.0,1.0,1.0
341,8141,Rubber products machine operators,127.0,14.728.418,0.0,0.0,0.0,0.0,1.0,1.0
342,8142,Plastic products machine operators,431.0,48.517.474,0.0,0.0,0.0,0.0,1.0,1.0
343,8143,Paper products machine operators,122.0,13510.1,0.0,0.0,0.0,0.0,1.0,1.0
344,8151,"Fibre preparing, spinning and winding machine operators",26.0,27.723.360.000.000.000,0.0,0.0,0.0,0.0,1.0,1.0
345,8152,Weaving and knitting machine operators,143.0,15.313.355,0.0,0.0,0.0,0.0,1.0,1.0
346,8153,Sewing machine operators,35.0,3.857.339,0.0,0.0,0.0,0.0,1.0,1.0
347,8154,"Bleaching, dyeing and fabric cleaning machine operators",27.0,2.965.812,0.0,0.0,0.0,0.0,1.0,1.0
348,8157,Laundry machine operators,310.0,34.354.694,0.0,0.0,0.0,0.0,1.0,1.0
349,8159,"Textile, fur and leather products machine operators not elsewhere classified",23.0,2.686.791,0.0,0.0,0.0,0.0,1.0,1.0
350,8160,Food and related products machine operators,842.0,98.215.416,0.0,0.0,0.0,0.0,1.0,1.0
351,8171,Pulp and papermaking plant operators,96.0,10.326.468,0.0,0.0,0.0,0.0,1.0,1.0
352,8172,Wood processing plant operators,49.0,5.505.647,0.0,0.0,0.0,0.0,1.0,1.0
353,8181,Glass and ceramics plant operators,64.0,7.400.197,0.232204861,0.231871225,0.0,0.0,0.767795139,0.768128775
354,8189,Stationary plant and machine operators not elsewhere classified,4242.0,475.741.336,0.045762159,0.045764875,0.0,0.0,0.954237841,0.954235125
355,8211,Mechanical machinery assemblers,1614.0,184.125.776,0.0,0.0,0.0,0.0,1.0,1.0
356,8212,Electrical and electronic equipment assemblers,480.0,54.976.017,0.0,0.0,0.0,0.0,1.0,1.0
357,8311,Locomotive engine drivers,400.0,43.802.101,0.0,0.0,0.0,0.0,1.0,1.0
358,8312,"Railway brake, signal and switch operators",120.0,12.896.642,0.0,0.0,0.0,0.0,1.0,1.0
359,8322,"Car, taxi and van drivers",2721.0,304.557.841,0.0,0.0,0.0,0.0,1.0,1.0
360,8331,Bus and tram drivers,1358.0,150.714.992,0.0,0.0,0.0,0.0,1.0,1.0
361,8332,Heavy truck and lorry drivers,5139.0,574.632.436,0.0,0.0,0.090909091,0.090909091,0.909090909,0.909090909
362,8341,Mobile farm and forestry plant operators,74.0,7.562.688,0.0,0.0,0.0,0.0,1.0,1.0
363,8342,Earthmoving and related plant operators,1062.0,117.957.896,0.054509312,0.054947733,0.0,0.0,0.945490688,0.945052267
364,8343,"Crane, hoist and related plant operators",257.0,28.576.243,0.0,0.0,0.0,0.0,1.0,1.0
365,8344,Lifting truck operators,1090.0,127.195.504,0.0,0.0,0.0,0.0,1.0,1.0
366,8350,Ships’ deck crews and related workers,26.0,2.901.363,0.0,0.0,0.0,0.0,1.0,1.0
367,9111,Domestic cleaners and helpers,1190.0,131.394.158,0.0,0.0,0.0,0.0,1.0,1.0
368,9112,"Cleaners and helpers in offices, hotels and other establishments",9138.0,1.057.024.841,0.0,0.0,0.0,0.0,1.0,1.0
369,9122,Vehicle cleaners,189.0,22.631.372,0.0,0.0,0.0,0.0,1.0,1.0
370,9123,Window cleaners,52.0,6.455.899,0.0,0.0,0.0,0.0,1.0,1.0
371,9129,Other cleaning workers,120.0,14.880.991,0.0,0.0,0.0,0.0,1.0,1.0
372,9211,Crop farm labourers,523.0,58.765.751,0.0,0.0,0.0,0.0,1.0,1.0
373,9212,Livestock farm labourers,55.0,6.259.687,0.0,0.0,0.0,0.0,1.0,1.0
374,9214,Garden and horticultural labourers,552.0,62.643.836,0.0,0.0,0.0,0.0,1.0,1.0
375,9215,Forestry labourers,63.0,6.923.151,0.0,0.0,0.0,0.0,1.0,1.0
376,9216,Fishery and aquaculture labourers,7.0,1.015.453,0.0,0.0,0.0,0.0,1.0,1.0
377,9311,Mining and quarrying labourers,12.0,1.359.776,1.0,1.0,0.0,0.0,0.0,0.0
378,9312,Civil engineering labourers,619.0,68.001.761,0.0,0.0,0.0,0.0,1.0,1.0
379,9313,Building construction labourers,832.0,106.124.563,0.0,0.0,0.0,0.0,1.0,1.0
380,9329,Manufacturing labourers not elsewhere classified,3351.0,383.081.002,0.0,0.0,0.0,0.0,1.0,1.0
381,9332,Drivers of animal-drawn vehicles and machinery,,,,,,,,
382,9333,Freight handlers,,,,,,,,
383,9334,Shelf fillers,848.0,94.874.131,0.0,0.0,0.0,0.0,1.0,1.0
384,9412,Kitchen helpers,3264.0,385.568.918,0.0,0.0,0.0,0.0,1.0,1.0
385,9612,Refuse sorters,143.0,16.212.215,0.0,0.0,0.692307692,0.692307692,0.307692308,0.307692308
386,9613,Sweepers and related labourers,367.0,41.697.087,0.0,0.0,0.666666667,0.666666667,0.333333333,0.333333333
387,9621,"Messengers, package deliverers and luggage porters",1572.0,172.449.721,0.0,0.0,0.0,0.0,1.0,1.0
388,9623,Meter readers and vending-machine collectors,24.0,2.572.723,0.0,0.0,0.0,0.0,1.0,1.0
389,9629,Elementary workers not elsewhere classified,274.0,31.006.815,0.0,0.0,0.0,0.0,1.0,1.0
