"Variable","N","Wt. Mean","Wt. SD","N","Wt. Mean","Wt. SD","Test"
"gbn_category_filled","brown","","","neutral","","",""
"EF952","","","","","","",""
"EF46","4","","","408","","","F=3.135*"
"... Male","0","0%","","189","45%","",""
"... Female","4","100%","","219","55%","",""
"EF44","4","45.217","12.199","408","44.051","14.046","F=0.028"
"EF44_bin10","4","","","408","","",""
"... [0,10]","0","0%","","0","0%","",""
"... (10,20]","0","0%","","16","4%","",""
"... (20,30]","0","0%","","71","18.1%","",""
"... (30,40]","2","56.3%","","71","18.1%","",""
"... (40,50]","1","20.6%","","96","23%","",""
"... (50,60]","0","0%","","109","25.6%","",""
"... (60,70]","1","23%","","42","10.3%","",""
"... (70,80]","0","0%","","0","0%","",""
"... (80,90]","0","0%","","3","0.9%","",""
"EF517","4","","","408","","","F=0.543"
"... ISCED-Level 1 - PE","0","0%","","11","3.1%","",""
"... ISCED-Level 2 - LSGE","0","0%","","39","9.6%","",""
"... ISCED-Level 3 - USGE","0","0%","","27","7.3%","",""
"... ISCED-Level 3 - USVE","3","77%","","150","35.4%","",""
"... ISCED-Level 4 - PSNTVE","0","0%","","61","14.9%","",""
"... ISCED-Level 5 - SCTVE","0","0%","","2","0.5%","",""
"... ISCED-Level 6 - Bachelor","1","23%","","63","15.7%","",""
"... ISCED-Level 6 - Master","0","0%","","55","13.6%","",""
"EF540","4","","","408","","",""
"... ISCED 1 ECE (000)","0","0%","","0","0%","",""
"... ISCED 1 PE (100)","0","0%","","11","3.1%","",""
"... ISCED 2 LSE (200)","0","0%","","39","9.6%","",""
"... ISCED 3 USE (300)","0","0%","","0","0%","",""
"... ISCED 3 USE (302)","0","0%","","0","0%","",""
"... ISCED 3 USE (303)","0","0%","","6","1.3%","",""
"... ISCED 3 USE (304)","3","77%","","171","41.4%","",""
"... ISCED 4 PSNTE (400)","0","0%","","61","14.9%","",""
"... ISCED 5 SCTE (500)","0","0%","","2","0.5%","",""
"... ISCED 6 Bachelor (600)","1","23%","","63","15.7%","",""
"... ISCED 7 Master (700)","0","0%","","53","13.1%","",""
"... ISCED 8 Doctoral (800)","0","0%","","2","0.5%","",""
"EF442","4","","","367","","",""
"... < 150","0","0%","","1","0.3%","",""
"... 150 to < 300","0","0%","","1","0.3%","",""
"... 300 to < 500","0","0%","","24","6.8%","",""
"... 500 to < 700","0","0%","","16","4.1%","",""
"... 700 to < 900","0","0%","","22","6.2%","",""
"... 900 to < 1,100","0","0%","","17","4.7%","",""
"... 1,100 to < 1,300","0","0%","","28","7.7%","",""
"... 1,300 to < 1,500","0","0%","","25","7.2%","",""
"... 1,500 to < 1,700","0","0%","","36","9.5%","",""
"... 1,700 to < 2,000","2","56.3%","","43","11.8%","",""
"... 2,000 to < 2,300","0","0%","","47","12.4%","",""
"... 2,300 to < 2,600","1","23%","","27","7%","",""
"... 2,600 to < 2,900","0","0%","","20","6%","",""
"... 2,900 to < 3,200","1","20.6%","","15","3.6%","",""
"... 3,200 to < 3,600","0","0%","","17","4.9%","",""
"... 3,600 to < 4,000","0","0%","","6","1.4%","",""
"... 4,000 to < 4,500","0","0%","","7","2%","",""
"... 4,500 to < 5,000","0","0%","","2","0.6%","",""
"... 5,000 to < 5,500","0","0%","","3","0.8%","",""
"... 5,500 to < 6,000","0","0%","","2","0.4%","",""
"... 6,000 to < 7,500","0","0%","","6","1.9%","",""
"... 7,500 to < 10,000","0","0%","","1","0.3%","",""
"... 10,000 to < 18,000","0","0%","","1","0.3%","",""
"... > 18,000","0","0%","","0","0%","",""
"EF114UG4","4","","","408","","",""
"... Occupations in agriculture, forestry, farming, and gardening","0","0%","","10","2.7%","",""
"... Occupations in production of raw materials and goods, and manufacturing","0","0%","","0","0%","",""
"... Occupations in construction, architecture, surveying and technical building services","4","100%","","96","24.2%","",""
"... Occupations in natural sciences, geography and informatics","0","0%","","0","0%","",""
"... Occupations in traffic, logistics, safety and security","0","0%","","81","19.2%","",""
"... Occupations in commercial services, trading, sales, the hotel business and tourism","0","0%","","0","0%","",""
"... Occupations in business organisation, accounting, law and administration","0","0%","","144","35.1%","",""
"... Occupations in health care, the social sector, teaching and education","0","0%","","0","0%","",""
"... Occupations in philology, literature, humanities, social sciences, economics, media, art, culture, and design","0","0%","","77","18.7%","",""
"... Military occupations","0","0%","","0","0%","",""
"EF137UG1","4","","","408","","",""
"... Crop and animal production, hunting and related service activities","0","0%","","0","0%","",""
"... Forestry and logging","0","0%","","0","0%","",""
"... Fishing and aquaculture","0","0%","","0","0%","",""
"... Mining of coal and lignite","0","0%","","0","0%","",""
"... Extraction of crude petroleum and natural gas","0","0%","","0","0%","",""
"... Mining of metal ores","0","0%","","0","0%","",""
"... Other mining and quarrying","0","0%","","0","0%","",""
"... Mining support service activities","0","0%","","7","1.4%","",""
"... Manufacture of food products","0","0%","","0","0%","",""
"... Manufacture of beverages","0","0%","","0","0%","",""
"... Manufacture of tobacco products","0","0%","","0","0%","",""
"... Manufacture of textiles","0","0%","","0","0%","",""
"... Manufacture of wearing apparel","0","0%","","0","0%","",""
"... Manufacture of leather and related products","0","0%","","0","0%","",""
"... Manufacture of wood and of products of wood and cork, except furniture; manufacture of articles of straw and plaiting materials","0","0%","","0","0%","",""
"... Manufacture of paper and paper products","0","0%","","0","0%","",""
"... Printing and reproduction of recorded media","0","0%","","0","0%","",""
"... Manufacture of coke and refined petroleum products","0","0%","","0","0%","",""
"... Manufacture of chemicals and chemical products","0","0%","","0","0%","",""
"... Manufacture of basic pharmaceutical products and pharmaceutical preparations","0","0%","","0","0%","",""
"... Manufacture of rubber and plastic products","0","0%","","0","0%","",""
"... Manufacture of other non-metallic mineral products","0","0%","","0","0%","",""
"... Manufacture of basic metals","0","0%","","0","0%","",""
"... Manufacture of fabricated metal products, except machinery and equipment","0","0%","","0","0%","",""
"... Manufacture of computer, electronic and optical products","0","0%","","0","0%","",""
"... Manufacture of electrical equipment","0","0%","","0","0%","",""
"... Manufacture of machinery and equipment n.e.c.","0","0%","","0","0%","",""
"... Manufacture of motor vehicles, trailers and semi-trailers","3","77.3%","","62","14.6%","",""
"... Manufacture of other transport equipment","0","0%","","0","0%","",""
"... Manufacture of furniture","0","0%","","0","0%","",""
"... Other manufacturing","0","0%","","0","0%","",""
"... Repair and installation of machinery and equipment","0","0%","","0","0%","",""
"... Electricity, gas, steam and air conditioning supply","0","0%","","0","0%","",""
"... Water collection, treatment and supply","0","0%","","0","0%","",""
"... Sewerage","0","0%","","0","0%","",""
"... Waste collection, treatment and disposal activities; materials recovery","0","0%","","0","0%","",""
"... Remediation activities and other waste management services","1","22.7%","","7","1.4%","",""
"... Construction of buildings","0","0%","","0","0%","",""
"... Civil engineering","0","0%","","0","0%","",""
"... Specialised construction activities","0","0%","","0","0%","",""
"... Wholesale and retail trade and repair of motor vehicles and motorcycles","0","0%","","0","0%","",""
"... Wholesale trade, except of motor vehicles and motorcycles","0","0%","","0","0%","",""
"... Retail trade, except of motor vehicles and motorcycles","0","0%","","0","0%","",""
"... Land transport and transport via pipelines","0","0%","","0","0%","",""
"... Water transport","0","0%","","0","0%","",""
"... Air transport","0","0%","","0","0%","",""
"... Warehousing and support activities for transportation","0","0%","","0","0%","",""
"... Postal and courier activities","0","0%","","0","0%","",""
"... Accommodation","0","0%","","0","0%","",""
"... Food and beverage service activities","0","0%","","0","0%","",""
"... Publishing activities","0","0%","","0","0%","",""
"... Motion picture, video and television programme production, sound recording and music publishing activities","0","0%","","0","0%","",""
"... Programming and broadcasting activities","0","0%","","0","0%","",""
"... Telecommunications","0","0%","","0","0%","",""
"... Computer programming, consultancy and related activities","0","0%","","0","0%","",""
"... Information service activities","0","0%","","0","0%","",""
"... Financial service activities, except insurance and pension funding","0","0%","","0","0%","",""
"... Insurance, reinsurance and pension funding, except compulsory social security","0","0%","","0","0%","",""
"... Activities auxiliary to financial services and insurance activities","0","0%","","0","0%","",""
"... Real estate activities","0","0%","","0","0%","",""
"... Legal and accounting activities","0","0%","","0","0%","",""
"... Activities of head offices; management consultancy activities","0","0%","","0","0%","",""
"... Architectural and engineering activities; technical testing and analysis","0","0%","","0","0%","",""
"... Scientific research and development","0","0%","","0","0%","",""
"... Advertising and market research","0","0%","","0","0%","",""
"... Other professional, scientific and technical activities","0","0%","","0","0%","",""
"... Veterinary activities","0","0%","","0","0%","",""
"... Rental and leasing activities","0","0%","","0","0%","",""
"... Employment activities","0","0%","","0","0%","",""
"... Travel agency, tour operator and other reservation service and related activities","0","0%","","0","0%","",""
"... Security and investigation activities","0","0%","","0","0%","",""
"... Services to buildings and landscape activities","0","0%","","0","0%","",""
"... Office administrative, office support and other business support activities","0","0%","","0","0%","",""
"... Public administration and defence; compulsory social security","0","0%","","0","0%","",""
"... Education","0","0%","","0","0%","",""
"... Human health activities","0","0%","","0","0%","",""
"... Residential care activities","0","0%","","0","0%","",""
"... Social work activities without accommodation","0","0%","","0","0%","",""
"... Creative, arts and entertainment activities","0","0%","","322","80.2%","",""
"... Libraries, archives, museums and other cultural activities","0","0%","","0","0%","",""
"... Gambling and betting activities","0","0%","","0","0%","",""
"... Sports activities and amusement and recreation activities","0","0%","","0","0%","",""
"... Activities of membership organisations","0","0%","","0","0%","",""
"... Repair of computers and personal and household goods","0","0%","","4","1%","",""
"... Other personal service activities","0","0%","","6","1.4%","",""
"... Activities of households as employers of domestic personnel","0","0%","","0","0%","",""
"... Undifferentiated goods- and services-producing activities of private households for own use","0","0%","","0","0%","",""
"... Activities of extraterritorial organisations and bodies","0","0%","","0","0%","",""
