"Variable","N","Wt. Mean","Wt. SD","Wt. Sum","N","Wt. Mean","Wt. SD","Wt. Sum","Test"
"category_abs","brown","","","","neutral","","","",""
"EF952","","","","","","","","",""
"EF46","4","","","","408","","","","F=3.135*"
"... Male","0","0%","","","189","44.99%","","",""
"... Female","4","100%","","","219","55.01%","","",""
"EF44","4","45.21691","12.19937","20661.64","408","44.05106","14.04568","1979378.689","F=0.028"
"EF44_bin10","4","","","","408","","","",""
"... [0,10]","0","0%","","","0","0%","","",""
"... (10,20]","0","0%","","","16","3.97%","","",""
"... (20,30]","0","0%","","","71","18.121%","","",""
"... (30,40]","2","56.321%","","","71","18.054%","","",""
"... (40,50]","1","20.633%","","","96","23.049%","","",""
"... (50,60]","0","0%","","","109","25.58%","","",""
"... (60,70]","1","23.046%","","","42","10.295%","","",""
"... (70,80]","0","0%","","","0","0%","","",""
"... (80,90]","0","0%","","","3","0.932%","","",""
"EF517","4","","","","408","","","","F=0.543"
"... ISCED-Level 1 - PE","0","0%","","","11","3.089%","","",""
"... ISCED-Level 2 - LSGE","0","0%","","","39","9.564%","","",""
"... ISCED-Level 3 - USGE","0","0%","","","27","7.255%","","",""
"... ISCED-Level 3 - USVE","3","76.954%","","","150","35.447%","","",""
"... ISCED-Level 4 - PSNTVE","0","0%","","","61","14.919%","","",""
"... ISCED-Level 5 - SCTVE","0","0%","","","2","0.453%","","",""
"... ISCED-Level 6 - Bachelor","1","23.046%","","","63","15.701%","","",""
"... ISCED-Level 6 - Master","0","0%","","","55","13.573%","","",""
"EF540","4","","","","408","","","",""
"... ISCED 1 ECE (000)","0","0%","","","0","0%","","",""
"... ISCED 1 PE (100)","0","0%","","","11","3.089%","","",""
"... ISCED 2 LSE (200)","0","0%","","","39","9.564%","","",""
"... ISCED 3 USE (300)","0","0%","","","0","0%","","",""
"... ISCED 3 USE (302)","0","0%","","","0","0%","","",""
"... ISCED 3 USE (303)","0","0%","","","6","1.302%","","",""
"... ISCED 3 USE (304)","3","76.954%","","","171","41.4%","","",""
"... ISCED 4 PSNTE (400)","0","0%","","","61","14.919%","","",""
"... ISCED 5 SCTE (500)","0","0%","","","2","0.453%","","",""
"... ISCED 6 Bachelor (600)","1","23.046%","","","63","15.701%","","",""
"... ISCED 7 Master (700)","0","0%","","","53","13.075%","","",""
"... ISCED 8 Doctoral (800)","0","0%","","","2","0.498%","","",""
"EF436","4","","","","405","","","",""
"... < 150","0","0%","","","0","0%","","",""
"... 150 to < 300","0","0%","","","1","0.23%","","",""
"... 300 to < 500","0","0%","","","20","5.208%","","",""
"... 500 to < 700","0","0%","","","0","0%","","",""
"... 700 to < 900","0","0%","","","24","5.974%","","",""
"... 900 to < 1,100","0","0%","","","25","6.545%","","",""
"... 1,100 to < 1,300","2","56.321%","","","66","16.06%","","",""
"... 1,300 to < 1,500","0","0%","","","19","5.312%","","",""
"... 1,500 to < 1,700","0","0%","","","0","0%","","",""
"... 1,700 to < 2,000","0","0%","","","31","7.554%","","",""
"... 2,000 to < 2,300","0","0%","","","92","22.266%","","",""
"... 2,300 to < 2,600","1","23.046%","","","35","8.511%","","",""
"... 2,600 to < 2,900","0","0%","","","22","5.569%","","",""
"... 2,900 to < 3,200","1","20.633%","","","14","2.885%","","",""
"... 3,200 to < 3,600","0","0%","","","20","5.094%","","",""
"... 3,600 to < 4,000","0","0%","","","8","1.915%","","",""
"... 4,000 to < 4,500","0","0%","","","9","2.168%","","",""
"... 4,500 to < 5,000","0","0%","","","4","0.914%","","",""
"... 5,000 to < 5,500","0","0%","","","1","0.188%","","",""
"... 5,500 to < 6,000","0","0%","","","4","1.158%","","",""
"... 6,000 to < 7,500","0","0%","","","6","1.445%","","",""
"... 7,500 to < 10,000","0","0%","","","2","0.523%","","",""
"... 10,000 to < 18,000","0","0%","","","1","0.268%","","",""
"... > 18,000","0","0%","","","0","0%","","",""
"... Farmer (self-employed, main job)","0","0%","","","1","0.214%","","",""
"EF436_num","4","1869.78761","907.48315","854390.1","404","2113.05785","1403.79618","94218407.6","F=0.124"
"EF442","4","","","","367","","","",""
"... < 150","0","0%","","","1","0.288%","","",""
"... 150 to < 300","0","0%","","","1","0.288%","","",""
"... 300 to < 500","0","0%","","","24","6.763%","","",""
"... 500 to < 700","0","0%","","","16","4.118%","","",""
"... 700 to < 900","0","0%","","","22","6.159%","","",""
"... 900 to < 1,100","0","0%","","","17","4.667%","","",""
"... 1,100 to < 1,300","0","0%","","","28","7.669%","","",""
"... 1,300 to < 1,500","0","0%","","","25","7.165%","","",""
"... 1,500 to < 1,700","0","0%","","","36","9.493%","","",""
"... 1,700 to < 2,000","2","56.321%","","","43","11.787%","","",""
"... 2,000 to < 2,300","0","0%","","","47","12.371%","","",""
"... 2,300 to < 2,600","1","23.046%","","","27","7.022%","","",""
"... 2,600 to < 2,900","0","0%","","","20","6.027%","","",""
"... 2,900 to < 3,200","1","20.633%","","","15","3.633%","","",""
"... 3,200 to < 3,600","0","0%","","","17","4.929%","","",""
"... 3,600 to < 4,000","0","0%","","","6","1.387%","","",""
"... 4,000 to < 4,500","0","0%","","","7","1.968%","","",""
"... 4,500 to < 5,000","0","0%","","","2","0.578%","","",""
"... 5,000 to < 5,500","0","0%","","","3","0.784%","","",""
"... 5,500 to < 6,000","0","0%","","","2","0.433%","","",""
"... 6,000 to < 7,500","0","0%","","","6","1.895%","","",""
"... 7,500 to < 10,000","0","0%","","","1","0.277%","","",""
"... 10,000 to < 18,000","0","0%","","","1","0.299%","","",""
"... > 18,000","0","0%","","","0","0%","","",""
"EF442_num","4","2235.8727","555.19696","1021670.85","367","2017.03275","1417.55938","80841656.125","F=0.099"
"EF114UG4","4","","","","408","","","",""
"... Occupations in agriculture, forestry, farming, and gardening","0","0%","","","10","2.709%","","",""
"... Occupations in production of raw materials and goods, and manufacturing","0","0%","","","0","0%","","",""
"... Occupations in construction, architecture, surveying and technical building services","4","100%","","","96","24.231%","","",""
"... Occupations in natural sciences, geography and informatics","0","0%","","","0","0%","","",""
"... Occupations in traffic, logistics, safety and security","0","0%","","","81","19.242%","","",""
"... Occupations in commercial services, trading, sales, the hotel business and tourism","0","0%","","","0","0%","","",""
"... Occupations in business organisation, accounting, law and administration","0","0%","","","144","35.075%","","",""
"... Occupations in health care, the social sector, teaching and education","0","0%","","","0","0%","","",""
"... Occupations in philology, literature, humanities, social sciences, economics, media, art, culture, and design","0","0%","","","77","18.743%","","",""
"... Military occupations","0","0%","","","0","0%","","",""
