Variable,N,Wt. Mean,Wt. SD,Wt. Sum,N,Wt. Mean,Wt. SD,Wt. Sum,N,Wt. Mean,Wt. SD,Wt. Sum,Test
category_abs,brown,,,,green,,,,neutral,,,,
EF952,,,,,,,,,,,,,
EF46,349,,,,1556,,,,385670,,,,F=405.877***
... Male,345,98871%,,,1296,83243%,,,203015,53297%,,,
... Female,4,1129%,,,260,16757%,,,182655,46703%,,,
EF44,349,4.457.354,1.266.818,1.706.752.834,1556,4.452.583,1.251.565,7.697.889.758,385670,4.331.233,1.335.892,1849846467,F=7.947***
EF44_bin10,349,,,,1556,,,,385670,,,,
"... [0,10]",0,0%,,,0,0%,,,0,0%,,,
"... (10,20]",10,2.97%,,,22,1.60%,,,14823,3.86%,,,
"... (20,30]",50,15233%,,,205,13996%,,,64181,17428%,,,
"... (30,40]",67,19674%,,,370,25339%,,,78363,21149%,,,
"... (40,50]",72,20374%,,,335,21041%,,,85483,22148%,,,
"... (50,60]",125,34821%,,,457,28109%,,,105536,26276%,,,
"... (60,70]",,,,,,,,,,,,,
"... (70,80]",,,,,,,,,,,,,
"... (80,90]",0,0%,,,0,0%,,,323,0.08%,,,
"... (90,100]",0,0%,,,0,0%,,,15,0.00%,,,
EF517,348,,,,1555,,,,385263,,,,F=25.805***
... ISCED-Level 1 - PE,,,,,,,,,,,,,
... ISCED-Level 2 - LSGE,,,,,,,,,,,,,
... ISCED-Level 3 - USGE,6,1781%,,,33,2279%,,,18967,5137%,,,
... ISCED-Level 3 - USVE,241,68812%,,,541,33379%,,,153215,39078%,,,
... ISCED-Level 4 - PSNTVE,14,3.88%,,,69,4666%,,,49293,12.79%,,,
... ISCED-Level 5 - SCTVE,3,0.79%,,,4,0.26%,,,2366,0.59%,,,
... ISCED-Level 6 - Bachelor,30,8865%,,,376,23732%,,,63276,16285%,,,
... ISCED-Level 6 - Master,14,4458%,,,336,21948%,,,52565,13698%,,,
EF540,348,,,,1555,,,,385263,,,,
... ISCED 1 ECE (000),0,0%,,,0,0%,,,0,0%,,,
... ISCED 1 PE (100),,,,,,,,,,,,,
... ISCED 2 LSE (200),,,,,,,,,,,,,
... ISCED 3 USE (300),,,,,,,,,,,,,
... ISCED 3 USE (302),,,,,,,,,,,,,
... ISCED 3 USE (303),,,,,,,,,,,,,
... ISCED 3 USE (304),246,70288%,,,573,35582%,,,169682,43583%,,,
... ISCED 4 PSNTE (400),14,3.88%,,,69,4666%,,,49293,12.79%,,,
... ISCED 5 SCTE (500),3,0.79%,,,4,0.26%,,,2366,0.59%,,,
... ISCED 6 Bachelor (600),30,8865%,,,376,23732%,,,63276,16285%,,,
... ISCED 7 Master (700),14,4458%,,,298,19624%,,,46270,12079%,,,
... ISCED 8 Doctoral (800),0,0%,,,38,2325%,,,6295,1618%,,,
EF436,345,,,,1520,,,,379386,,,,F=7.129***
... < 150,0,0%,,,5,0.30%,,,2024,0.53%,,,
... 150 to < 300,0,0%,,,8,0.50%,,,3540,0.94%,,,
... 300 to < 500,,,,,,,,,,,,,
... 500 to < 700,,,,,,,,,,,,,
... 700 to < 900,3,1004%,,,46,3333%,,,19916,5297%,,,
"... 900 to < 1,100",3,1156%,,,43,2995%,,,23418,6202%,,,
"... 1,100 to < 1,300",14,4371%,,,79,5504%,,,28334,7561%,,,
"... 1,300 to < 1,500",8,2211%,,,79,5193%,,,29921,7996%,,,
"... 1,500 to < 1,700",35,9744%,,,127,8639%,,,31602,8.40%,,,
"... 1,700 to < 2,000",61,17905%,,,217,14614%,,,46278,12242%,,,
"... 2,000 to < 2,300",77,21711%,,,159,10553%,,,41093,10845%,,,
"... 2,300 to < 2,600",46,13411%,,,165,10705%,,,31138,8167%,,,
"... 2,600 to < 2,900",26,7.82%,,,106,6665%,,,19137,5012%,,,
"... 2,900 to < 3,200",18,4.96%,,,90,5781%,,,17518,4562%,,,
"... 3,200 to < 3,600",17,4824%,,,97,6305%,,,14838,3851%,,,
"... 3,600 to < 4,000",11,3569%,,,66,4103%,,,9720,2505%,,,
"... 4,000 to < 4,500",3,0.91%,,,62,3835%,,,8810,2274%,,,
"... 4,500 to < 5,000",8,2091%,,,44,2731%,,,5735,1476%,,,
"... 5,000 to < 5,500",,,,,,,,,,,,,
"... 5,500 to < 6,000",0,0%,,,16,0.96%,,,2696,0.69%,,,
"... 6,000 to < 7,500",,,,,,,,,,,,,
"... 7,500 to < 10,000",,,,,,,,,,,,,
"... 10,000 to < 18,000",0,0%,,,7,0.48%,,,1758,0.45%,,,
"... > 18,000",0,0%,,,4,0.25%,,,785,0.20%,,,
"... Farmer (self-employed, main job)",0,0%,,,0,0%,,,1435,0.36%,,,
EF436_num,345,231.987.286,96.916.977,87541360.3,1520,253.114.215,174.851.941,427.549.992.125,377951,213.955.653,168.320.655,89574969219,F=43.031***
EF442,333,,,,1388,,,,341187,,,,F=7.787***
... < 150,0,0%,,,7,0.57%,,,2428,0.70%,,,
... 150 to < 300,0,0%,,,14,0.91%,,,4366,1288%,,,
... 300 to < 500,,,,,,,,,,,,,
... 500 to < 700,,,,,,,,,,,,,
... 700 to < 900,3,1041%,,,26,2.10%,,,17793,5254%,,,
"... 900 to < 1,100",4,1513%,,,36,2727%,,,20605,6044%,,,
"... 1,100 to < 1,300",11,3517%,,,72,5.53%,,,25861,7665%,,,
"... 1,300 to < 1,500",11,3174%,,,77,5653%,,,27177,8066%,,,
"... 1,500 to < 1,700",34,9685%,,,109,8145%,,,28912,8556%,,,
"... 1,700 to < 2,000",63,19399%,,,194,14285%,,,42131,12401%,,,
"... 2,000 to < 2,300",68,20104%,,,163,11799%,,,37519,11001%,,,
"... 2,300 to < 2,600",47,13841%,,,158,11275%,,,28285,8265%,,,
"... 2,600 to < 2,900",30,9165%,,,93,6543%,,,17539,5107%,,,
"... 2,900 to < 3,200",18,5045%,,,83,5687%,,,15045,4348%,,,
"... 3,200 to < 3,600",14,4127%,,,94,6611%,,,13059,3761%,,,
"... 3,600 to < 4,000",9,3057%,,,66,4603%,,,8292,2376%,,,
"... 4,000 to < 4,500",4,1193%,,,42,2813%,,,7185,2056%,,,
"... 4,500 to < 5,000",,,,,,,,,,,,,
"... 5,000 to < 5,500",,,,,,,,,,,,,
"... 5,500 to < 6,000",,,,,,,,,,,,,
"... 6,000 to < 7,500",,,,,,,,,,,,,
"... 7,500 to < 10,000",,,,,,,,,,,,,
"... 10,000 to < 18,000",,,,,,,,,,,,,
"... > 18,000",0,0%,,,0,0%,,,259,0.08%,,,
EF442_num,333,229.209.393,93.116.275,83378939.25,1388,241.399.569,136.849.296,373.416.633.325,341187,200.982.523,141.033.151,76.005.363.089.275,F=63.615***
EF114UG4,349,,,,1556,,,,385670,,,,
"... Occupations in agriculture, forestry, farming, and gardening",0,0%,,,131,8.21%,,,7790,1992%,,,
"... Occupations in production of raw materials and goods, and manufacturing",129,37563%,,,486,31002%,,,72532,18966%,,,
"... Occupations in construction, architecture, surveying and technical building services",,,,,,,,,,,,,
"... Occupations in natural sciences, geography and informatics",,,,,,,,,,,,,
"... Occupations in traffic, logistics, safety and security",0,0%,,,0,0%,,,48932,12951%,,,
"... Occupations in commercial services, trading, sales, the hotel business and tourism",0,0%,,,0,0%,,,46314,12069%,,,
"... Occupations in business organisation, accounting, law and administration",0,0%,,,0,0%,,,81827,20747%,,,
"... Occupations in health care, the social sector, teaching and education",0,0%,,,0,0%,,,77395,19848%,,,
"... Occupations in philology, literature, humanities, social sciences, economics, media, art, culture, and design",0,0%,,,0,0%,,,12134,3.19%,,,
... Military occupations,0,0%,,,0,0%,,,1440,0.45%,,,
